,compound_chembl_id,canonical_smiles,standard_value,standard_units,standard_relation,standard_type,pchembl_value,pActivity,active,split
167,CHEMBL3641407,CCN1CCN(c2ccc(-c3cc4ncn(C)c(=O)c4c(NCCO)n3)cc2)CC1,131.0,nM,=,IC50,6.88,6.882728704344236,1,train
35,CHEMBL3641275,Cn1cnc2cc(-c3ccc(N4CCNCC4)cc3)nc(N3CCc4c(CO)cccc4C3)c2c1=O,565.0,nM,=,IC50,6.25,6.247951552180561,0,train
346,CHEMBL3643623,CN1CCS(=O)(=O)c2cc(-c3cc4ncn(C)c(=O)c4c(NCCCO)n3)ccc21,39.0,nM,=,IC50,7.41,7.4089353929735005,1,test
558,CHEMBL3701475,CNS(=O)(=O)c1cccc(-c2cc3ncn(C)c(=O)c3c(NC(C)C)n2)c1,321.0,nM,=,IC50,6.49,6.493494967595128,0,train
236,CHEMBL3643513,Cn1cnc2cc(-c3ccc(N4CCOCC4)cc3)nc(NC[C@H](O)CO)c2c1=O,97.4,nM,=,IC50,7.01,7.011441043121384,1,train
519,CHEMBL3701435,CNS(=O)(=O)c1ccc(-c2cc3ncn(C)c(=O)c3c(NC(C)C)n2)cn1,989.0,nM,=,IC50,6.0,6.004803708402821,0,test
567,CHEMBL3701484,Cn1cnc2cc(-c3ccc(CN4CCOCC4)cc3)nc(NC3CC3)c2c1=O,460.0,nM,=,IC50,6.34,6.337242168318426,0,train
458,CHEMBL3698117,CC(C)Nc1nc(-c2ccc(N[C@@H]3CCNC3)c(S(C)(=O)=O)c2)cc2ncn(C)c(=O)c12,51.0,nM,=,IC50,7.29,7.292429823902063,1,train
84,CHEMBL3641324,COCCNc1nc(-c2ccc(NCCO)nc2)cc2ncn(C)c(=O)c12,148.0,nM,=,IC50,6.83,6.8297382846050425,1,train
512,CHEMBL3701428,COC(=O)NCCNc1nc(-c2ccc(C(C)(C)O)nc2)cc2ncn(C)c(=O)c12,91.0,nM,=,IC50,7.04,7.040958607678906,1,train
351,CHEMBL3643628,Cn1cnc2cc(-c3ccc(C4CCC(=O)N4)cc3)nc(N3CC[C@H](CO)C3)c2c1=O,167.0,nM,=,IC50,6.78,6.777283528852417,0,train
362,CHEMBL3643639,CCNc1nc(-c2ccc(N3CCOCC3)nc2)cc2ncn(C)c(=O)c12,100.0,nM,=,IC50,7.0,7.0,1,train
601,CHEMBL3701518,CC(C)Nc1nc(-c2ccc(CCN3CCO[C@H](C)C3)cc2)cc2ncn(C)c(=O)c12,525.0,nM,=,IC50,6.28,6.279840696594043,0,train
367,CHEMBL3643644,Cn1cnc2cc(-c3ccc(C4(N)CC4)nc3)nc(N3CC[C@H](CO)C3)c2c1=O,579.0,nM,=,IC50,6.24,6.2373214362725635,0,test
335,CHEMBL3643612,Cc1cc(-c2cc3ncn(C)c(=O)c3c(NCCCO)n2)ccc1C1CCNCC1,77.5,nM,=,IC50,7.11,7.110698297493689,1,train
637,CHEMBL3701554,CCNc1nc(-c2ccc(NC[C@H](C)O)c(S(C)(=O)=O)c2)cc2ncn(C)c(=O)c12,66.0,nM,=,IC50,7.18,7.180456064458132,1,test
43,CHEMBL3641283,CN1CCN(c2ccc(-c3cc4ncn(C)c(=O)c4c(N4CC[C@H](N)C4)n3)cc2)CC1,139.0,nM,=,IC50,6.86,6.856985199745905,1,train
336,CHEMBL3643613,Cc1cc(-c2cc3ncn(C)c(=O)c3c(N[C@@H]3CCOC3)n2)ccc1C1CCN(C)CC1,60.8,nM,=,IC50,7.22,7.216096420727265,1,test
350,CHEMBL3643627,Cn1cnc2cc(-c3ccc(C4CCC(=O)N4)cc3)nc(N[C@@H]3CCOC3)c2c1=O,282.0,nM,=,IC50,6.55,6.549750891680639,0,train
573,CHEMBL3701490,CC(C)Nc1nc(-c2ccc(S(=O)(=O)NCCO)cc2)cc2ncn(C)c(=O)c12,544.0,nM,=,IC50,6.26,6.2644011003018205,0,test
445,CHEMBL3698104,CNc1ccc(-c2cc3ncn(C)c(=O)c3c(NCCO)n2)cc1S(C)(=O)=O,67.0,nM,=,IC50,7.17,7.173925197299173,1,test
216,CHEMBL3641457,COCCNc1nc(-c2ccc3nc(C)oc3c2)cc2ncn(C)c(=O)c12,633.0,nM,=,IC50,6.2,6.198596289982645,0,train
659,CHEMBL3701576,CNc1ccc(-c2cc3ncn(C)c(=O)c3c(N[C@@H]3CCOC3)n2)cc1,93.0,nM,=,IC50,7.03,7.031517051446065,1,train
267,CHEMBL3643544,CC(=O)N[C@@H](C)c1ccc(-c2cc3ncn(C)c(=O)c3c(N3CC[C@H](CO)C3)n2)cc1,246.0,nM,=,IC50,6.61,6.609064892896621,0,train
200,CHEMBL3641441,Cn1cnc2cc(-c3ccc(N4CCOCC4)cc3)nc(N3CC(CO)C3)c2c1=O,257.0,nM,=,IC50,6.59,6.590066876668706,0,test
189,CHEMBL3641429,Cn1cnc2cc(-c3ccc(N4CCOCC4)cc3)nc(N3CCC[C@@H](CO)C3)c2c1=O,111.0,nM,=,IC50,6.96,6.954677021213342,1,train
140,CHEMBL3641380,CC(C)N1CCN(c2ccc(-c3cc4ncn(C)c(=O)c4c(N[C@@H]4CCOC4)n3)cc2)CC1,32.0,nM,=,IC50,7.5,7.494850021680094,1,train
628,CHEMBL3701545,CCNc1nc(-c2ccc(C(C)(C)N)nc2)cc2ncn(C)c(=O)c12,269.0,nM,=,IC50,6.57,6.570247719997592,0,train
361,CHEMBL3643638,Cn1cnc2cc(-c3ccc(C4(N)CC4)cc3)nc(N3CC[C@H](CO)C3)c2c1=O,326.0,nM,=,IC50,6.49,6.486782399932061,0,test
264,CHEMBL3643541,CC(C)Nc1nc(-c2ccc([C@@H](C)NS(C)(=O)=O)cc2)cc2ncn(C)c(=O)c12,697.0,nM,=,IC50,6.16,6.15676722190199,0,train
10,CHEMBL3641250,COCCCNc1nc(-c2ccc(C(C)(C)O)nc2)cc2ncn(C)c(=O)c12,299.0,nM,=,IC50,6.52,6.52432881167557,0,train
532,CHEMBL3701449,Cn1cnc2cc(-c3ccc(CO)cc3)nc(NC3CC3)c2c1=O,277.0,nM,=,IC50,6.56,6.557520230935552,0,train
430,CHEMBL3698089,CC(C)Nc1nc(-c2ccc(S(C)(=O)=O)c(N3CCOCC3)c2)cc2ncn(C)c(=O)c12,751.0,nM,=,IC50,6.12,6.124360062995832,0,train
106,CHEMBL3641346,CC(C)Nc1nc(-c2ccc(N3CCOCC3)cc2)cc2nc[nH]c(=O)c12,1593.0,nM,=,IC50,5.8,5.797784224198868,0,train
99,CHEMBL3641339,Cc1cnc(Nc2nc(-c3ccc(N4CCOCC4)cc3)cc3ncn(C)c(=O)c23)s1,1698.0,nM,=,IC50,5.77,5.770062314092066,0,test
337,CHEMBL3643614,Cc1cc(-c2cc3ncn(C)c(=O)c3c(N3CC[C@H](CO)C3)n2)ccc1C1CCN(C)CC1,111.0,nM,=,IC50,6.96,6.954677021213342,1,train
39,CHEMBL3641279,Cn1cnc2cc(-c3ccc(OC[C@H]4CCCN4Cc4ccccc4)cc3)nc(N3CC[C@H](CO)C3)c2c1=O,791.0,nM,=,IC50,6.1,6.101823516502323,0,train
29,CHEMBL3641269,Cn1cnc2cc(-c3ccc(C(C)(C)O)nc3)nc(NCC(C)(C)CO)c2c1=O,446.0,nM,=,IC50,6.35,6.350665141287858,0,train
614,CHEMBL3701531,COCCNc1nc(-c2ccc(S(=O)(=O)CCN(C)C)cc2)cc2ncn(C)c(=O)c12,426.0,nM,=,IC50,6.37,6.370590400897281,0,train
586,CHEMBL3701503,CCNc1nc(-c2ccc(S(=O)(=O)CC)cc2)cc2ncn(C)c(=O)c12,362.0,nM,=,IC50,6.44,6.441291429466834,0,test
283,CHEMBL3643560,Cn1cnc2cc(-c3ccc(N4CCOCC4)cc3)nc(N3CCC(O)(C(N)=O)C3)c2c1=O,189.0,nM,=,IC50,6.72,6.723538195826756,0,train
490,CHEMBL3698149,CC(C)Nc1nc(-c2ccc(S(=O)(=O)CCN3CCCC3)cc2)cc2ncn(C)c(=O)c12,555.0,nM,=,IC50,6.26,6.255707016877324,0,train
73,CHEMBL3641313,Cn1cnc2cc(-c3ccc(N4CCOCC4)cc3)nc(NCC3CC3)c2c1=O,461.0,nM,=,IC50,6.34,6.336299074610352,0,train
699,CHEMBL3701617,CC(C)[C@H](CO)Nc1nc(-c2ccc(C(C)(C)O)nc2)cc2ncn(C)c(=O)c12,1413.0,nM,=,IC50,5.85,5.849857838151442,0,test
15,CHEMBL3641255,Cn1cnc2cc(-c3ccc(C(C)(C)O)nc3)nc(Nc3cnccn3)c2c1=O,856.0,nM,=,IC50,6.07,6.0675262353228465,0,train
221,CHEMBL3641462,Cn1cnc2cc(-c3ccc([C@H]4CC[C@H](N5CCOCC5)CC4)cc3)nc(N3CC[C@H](CO)C3)c2c1=O,368.0,nM,=,IC50,6.43,6.434152181326482,0,train
187,CHEMBL3641427,CN1CCN(c2ccc(-c3cc4ncn(C)c(=O)c4c(N4CC[C@H](CS(C)(=O)=O)C4)n3)cc2)CC1,223.0,nM,=,IC50,6.65,6.651695136951839,0,train
21,CHEMBL3641261,Cn1cnc2cc(-c3ccc(C(C)(C)O)nc3)nc(NCc3cccc(S(C)(=O)=O)c3)c2c1=O,947.0,nM,=,IC50,6.02,6.023650020996727,0,test
141,CHEMBL3641381,CC(C)N1CCN(c2ccc(-c3cc4ncn(C)c(=O)c4c(N[C@H](C)CO)n3)cc2)CC1,24.0,nM,=,IC50,7.62,7.619788758288394,1,train
271,CHEMBL3643548,Cn1cnc2cc(-c3ccc(N4CCOCC4)cc3)nc(N[C@H]3CC[C@H](CO)C3)c2c1=O,262.0,nM,=,IC50,6.58,6.581698708680254,0,test
202,CHEMBL3641443,CN1CCN(c2ccc(-c3cc4ncn(C)c(=O)c4c(N4CCC[C@@H](CO)C4)n3)cc2)CC1,91.1,nM,=,IC50,7.04,7.040481623027001,1,train
85,CHEMBL3641325,CCN1CCN(c2ccc(-c3cc4ncn(C)c(=O)c4c(NCCOC)n3)cn2)CC1,75.0,nM,=,IC50,7.12,7.1249387366083,1,train
443,CHEMBL3698102,CNc1ccc(-c2cc3ncn(C)c(=O)c3c(NC(C)C)n2)cc1S(C)(=O)=O,140.0,nM,=,IC50,6.85,6.853871964321762,1,train
145,CHEMBL3641385,Cn1cnc2cc(-c3ccc(C4CCNCC4)cc3)nc(N[C@@H]3CCOC3)c2c1=O,25.0,nM,=,IC50,7.6,7.6020599913279625,1,test
278,CHEMBL3643555,CC(=O)N1CCc2cc(-c3cc4ncn(C)c(=O)c4c(N4CC[C@H](CO)C4)n3)ccc21,434.0,nM,=,IC50,6.36,6.36251027048749,0,train
690,CHEMBL3701608,Cc1nc2ncc(-c3cc4ncn(C)c(=O)c4c(NC4CC4)n3)cc2[nH]1,404.0,nM,=,IC50,6.39,6.393618634889395,0,train
63,CHEMBL3641303,Cn1cnc2cc(-c3ccc(N4CCOCC4)cc3)nc(NCCS(C)(=O)=O)c2c1=O,190.0,nM,=,IC50,6.72,6.721246399047171,0,train
502,CHEMBL3701418,CNS(=O)(=O)c1cccc(-c2cc3ncn(C)c(=O)c3c(NC3CC3)n2)c1,167.0,nM,=,IC50,6.78,6.777283528852417,0,test
217,CHEMBL3641458,COCCNc1nc(-c2ccc(NC(C)=O)c(O)c2)cc2ncn(C)c(=O)c12,210.0,nM,=,IC50,6.68,6.6777807052660805,0,train
562,CHEMBL3701479,CC(C)Nc1nc(-c2cccc(S(=O)(=O)N3CCOCC3)c2)cc2ncn(C)c(=O)c12,1055.0,nM,=,IC50,5.98,5.976747540366288,0,train
529,CHEMBL3701446,Cn1cnc2cc(-c3ccc(S(N)(=O)=O)cc3)nc(NC3CC3)c2c1=O,219.0,nM,=,IC50,6.66,6.6595558851598815,0,train
245,CHEMBL3643522,Cn1cnc2cc(-c3ccc(N4CCOCC4)cc3)nc(Nc3nc(CCO)cs3)c2c1=O,319.0,nM,=,IC50,6.5,6.496209316942819,0,test
134,CHEMBL3641374,CN1CCN(c2ccc(-c3cc4ncn(C)c(=O)c4c(N4CC[C@@H](CO)C4)n3)cc2)CC1,205.0,nM,=,IC50,6.69,6.688246138944246,0,train
498,CHEMBL3698157,CCNc1nc(-c2ccc(C3CCN(C)CC3)c(F)c2)cc2ncn(C)c(=O)c12,84.0,nM,=,IC50,7.08,7.075720713938118,1,train
570,CHEMBL3701487,CN(C)S(=O)(=O)c1cccc(-c2cc3ncn(C)c(=O)c3c(NC3CC3)n2)c1,2971.0,nM,=,IC50,5.53,5.527097348196336,0,train
472,CHEMBL3698131,CC(C)Nc1nc(-c2ccc(C(C)(C)N)cc2)cc2ncn(C)c(=O)c12,117.0,nM,=,IC50,6.93,6.931814138253839,1,train
123,CHEMBL3641363,C[C@@H](CO)Nc1nc(-c2ccc(N3CCN(C)CC3)cc2)cc2ncn(C)c(=O)c12,147.0,nM,=,IC50,6.83,6.8326826652518236,1,train
427,CHEMBL3698086,Cn1cnc2cc(-c3ccc(N4CCCC4)c(S(C)(=O)=O)c3)nc(NC3CC3)c2c1=O,98.0,nM,=,IC50,7.01,7.008773924307505,1,test
612,CHEMBL3701529,Cn1cnc2cc(-c3ccc(C(C)(C)N)cc3)nc(NCCO)c2c1=O,200.0,nM,=,IC50,6.7,6.698970004336019,0,train
439,CHEMBL3698098,Cn1cnc2cc(-c3ccc(CC(=O)N4CCOCC4)cc3)nc(NC3CC3)c2c1=O,153.0,nM,=,IC50,6.82,6.815308569182402,1,train
667,CHEMBL3701584,Cn1cnc2cc(-c3ccc(N4CCC[C@H]4CO)c(S(C)(=O)=O)c3)nc(N[C@@H]3CCOC3)c2c1=O,62.0,nM,=,IC50,7.21,7.2076083105017466,1,test
285,CHEMBL3643562,Cn1cnc2cc(-c3ccc(N4CCOCC4)cc3)nc(N3CCC(F)(C(N)=O)C3)c2c1=O,119.0,nM,=,IC50,6.92,6.924453038607469,1,train
295,CHEMBL3643572,Cn1cnc2cc(-c3ccc(N4CC[C@H](O)C4)c(S(C)(=O)=O)c3)nc(N3CC[C@H](CO)C3)c2c1=O,104.0,nM,=,IC50,6.98,6.982966660701219,1,test
185,CHEMBL3641425,Cn1cnc2cc(-c3ccc(N4CCS(=O)(=O)CC4)cc3)nc(N3CC[C@H](CO)C3)c2c1=O,66.0,nM,=,IC50,7.18,7.180456064458132,1,test
178,CHEMBL3641418,CCN1CC(c2ccc(-c3cc4ncn(C)c(=O)c4c(NC(C)C)n3)cc2)C1,130.0,nM,=,IC50,6.89,6.886056647693163,1,train
266,CHEMBL3643543,CC(=O)N[C@@H](C)c1ccc(-c2cc3ncn(C)c(=O)c3c(NC(C)C)n2)cc1,312.0,nM,=,IC50,6.51,6.505845405981557,0,train
334,CHEMBL3643611,Cc1cc(-c2cc3ncn(C)c(=O)c3c(N[C@@H]3CCOC3)n2)ccc1C1CCNCC1,51.4,nM,=,IC50,7.29,7.289036881004725,1,train
12,CHEMBL3641252,Cn1cnc2cc(-c3ccc(C(C)(C)O)nc3)nc(NCC3CCOCC3)c2c1=O,1178.0,nM,=,IC50,5.93,5.928854709548917,0,test
177,CHEMBL3641417,CN1CCN(c2ccc(-c3cc4ncn(C)c(=O)c4c(N4CC[C@H](CN=[N+]=[N-])C4)n3)cc2)CC1,306.0,nM,=,IC50,6.51,6.51427857351842,0,test
48,CHEMBL3641288,CN1CCN(c2ccc(-c3cc4ncn(C)c(=O)c4c(N4CC(O)C(C(=O)O)C4)n3)cc2)CC1,1313.0,nM,=,IC50,5.88,5.881735273910521,0,train
330,CHEMBL3643607,C[C@H](NS(C)(=O)=O)c1ccc(-c2cc3ncn(C)c(=O)c3c(NCCCO)n2)cc1,586.0,nM,=,IC50,6.23,6.23210238398191,0,test
168,CHEMBL3641408,CCN1CCN(c2ccc(-c3cc4ncn(C)c(=O)c4c(NCCCO)n3)cc2)CC1,50.0,nM,=,IC50,7.3,7.301029995663981,1,train
504,CHEMBL3701420,CC(C)Nc1nc(-c2ccc3nc[nH]c3c2)cc2ncn(C)c(=O)c12,346.0,nM,=,IC50,6.46,6.460923901207224,0,train
441,CHEMBL3698100,CCN1CCN(C(=O)Cc2ccc(-c3cc4ncn(C)c(=O)c4c(NC4CC4)n3)cc2)CC1,278.0,nM,=,IC50,6.56,6.555955204081924,0,train
615,CHEMBL3701532,CN(C)CCS(=O)(=O)c1ccc(-c2cc3ncn(C)c(=O)c3c(NCCCO)n2)cc1,245.0,nM,=,IC50,6.61,6.610833915635467,0,test
219,CHEMBL3641460,Cn1cnc2cc(-c3ccc(N4CCOCC4)cc3)nc(N[C@@H]3CCN(C(N)=O)C3)c2c1=O,547.0,nM,=,IC50,6.26,6.262012673666569,0,train
241,CHEMBL3643518,C[C@@H]1CN(c2ccc(-c3cc4ncn(C)c(=O)c4c(N4CC[C@H](CCO)C4)n3)cc2)CCO1,89.3,nM,=,IC50,7.05,7.049148541111453,1,train
402,CHEMBL3698061,CC(C)Nc1nc(-c2cnn(C(C)C(N)=O)c2)cc2ncn(C)c(=O)c12,133.0,nM,=,IC50,6.88,6.876148359032914,1,train
56,CHEMBL3641296,Cn1cnc2cc(-c3ccc(N4CCOCC4)cc3)nc(NCCC#N)c2c1=O,133.0,nM,=,IC50,6.88,6.876148359032914,1,train
344,CHEMBL3643621,Cn1cnc2cc(-c3ccc(N4CCOCC4)cc3)nc(N3CCOC(CO)C3)c2c1=O,682.0,nM,=,IC50,6.17,6.166215625343521,0,train
652,CHEMBL3701569,C[C@H](CO)Nc1ccc(-c2cc3ncn(C)c(=O)c3c(NCCCO)n2)cc1S(C)(=O)=O,222.0,nM,=,IC50,6.65,6.653647025549361,0,test
428,CHEMBL3698087,CC(C)Nc1nc(-c2ccc(N3CCCC3)c(S(C)(=O)=O)c2)cc2ncn(C)c(=O)c12,213.0,nM,=,IC50,6.67,6.671620396561262,0,train
33,CHEMBL3641273,CN1CCN(c2ccc(-c3cc4ncn(C)c(=O)c4c(NCc4cnn[nH]4)n3)cc2)CC1,24.0,nM,=,IC50,7.62,7.619788758288394,1,train
503,CHEMBL3701419,CC(C)Nc1nc(-c2ccc(N)c(N)c2)cc2ncn(C)c(=O)c12,228.0,nM,=,IC50,6.64,6.642065152999546,0,test
711,CHEMBL3701629,Cn1cnc2cc(-c3ccc(C(C)(C)O)nc3)nc(NC[C@@H]3CCCN3)c2c1=O,2769.0,nM,=,IC50,5.56,5.557677044254426,0,test
710,CHEMBL3701628,Cn1cnc2cc(-c3ccc(C(C)(C)O)nc3)nc(NCCCO)c2c1=O,142.0,nM,=,IC50,6.85,6.847711655616943,1,train
96,CHEMBL3641336,CN1CCN(c2ccc(-c3cc4ncn(C)c(=O)c4c(Nc4nc(CO)cs4)n3)cc2)CC1,161.0,nM,=,IC50,6.79,6.79317412396815,0,train
78,CHEMBL3641318,COCCNc1nc(-c2cccc(S(N)(=O)=O)c2)cc2ncn(C)c(=O)c12,92.0,nM,=,IC50,7.04,7.036212172654444,1,train
515,CHEMBL3701431,Cn1cnc2cc(-c3ccc(C(C)(C)O)nc3)nc(OCc3cccnc3)c2c1=O,700.0,nM,=,IC50,6.16,6.154901959985743,0,test
124,CHEMBL3641364,Cn1cnc2cc(-c3ccc(N4CCNCC4)cc3)nc(NCCO)c2c1=O,51.0,nM,=,IC50,7.29,7.292429823902063,1,train
347,CHEMBL3643624,CCOC(=O)CCC(=O)c1ccc(-c2cc3ncn(C)c(=O)c3c(N[C@@H]3CCOC3)n2)cc1,434.0,nM,=,IC50,6.36,6.36251027048749,0,train
372,CHEMBL3698031,COCCNc1ccc(-c2cc3ncn(C)c(=O)c3c(NC(C)C)n2)cc1S(C)(=O)=O,114.0,nM,=,IC50,6.94,6.943095148663527,1,train
77,CHEMBL3641317,COCCNc1nc(-c2cnc(N3CCOCC3)nc2)cc2ncn(C)c(=O)c12,1536.0,nM,=,IC50,5.81,5.813608784304507,0,train
607,CHEMBL3701524,CC(C)Nc1nc(-c2ccc(CCN3CCNC(=O)C3)cc2)cc2ncn(C)c(=O)c12,288.0,nM,=,IC50,6.54,6.540607512240769,0,train
695,CHEMBL3701613,COC(=O)N[C@@H](C)CNc1nc(-c2ccc(C(C)(C)O)cc2)cc2ncn(C)c(=O)c12,646.0,nM,=,IC50,6.19,6.189767482004916,0,train
464,CHEMBL3698123,COCCNc1nc(-c2ccc(N3CCCC3=O)cc2)cc2ncn(C)c(=O)c12,797.0,nM,=,IC50,6.1,6.098541678603888,0,train
500,CHEMBL3701416,Cn1cnc2cc(-c3ccc(C4(O)CCCC4)cc3)nc(NC3CC3)c2c1=O,936.0,nM,=,IC50,6.03,6.028724151261895,0,train
618,CHEMBL3701535,CCNc1nc(-c2ccc(C3CCNCC3)nc2)cc2ncn(C)c(=O)c12,180.0,nM,=,IC50,6.75,6.7447274948966935,0,train
610,CHEMBL3701527,Cc1cc(-c2cc3ncn(C)c(=O)c3c(NC(C)C)n2)ccc1C1CCNCC1,89.0,nM,=,IC50,7.05,7.050609993355087,1,train
435,CHEMBL3698094,COCCNc1nc(-c2ccc(N3CCOCC3)c(S(C)(=O)=O)c2)cc2ncn(C)c(=O)c12,56.0,nM,=,IC50,7.25,7.251811972993799,1,test
265,CHEMBL3643542,C[C@@H](NS(C)(=O)=O)c1ccc(-c2cc3ncn(C)c(=O)c3c(N3CC[C@H](CO)C3)n2)cc1,199.0,nM,=,IC50,6.7,6.701146923590294,0,test
258,CHEMBL3643535,Cn1cnc2cc(-c3ccc(N4CCC(N5CCCC5)CC4)cc3)nc(N[C@@H]3CCOC3)c2c1=O,24.2,nM,=,IC50,7.62,7.616184634019569,1,train
169,CHEMBL3641409,CCN1CCN(c2ccc(-c3cc4ncn(C)c(=O)c4c(N[C@H](C)CO)n3)cc2)CC1,31.0,nM,=,IC50,7.51,7.508638306165727,1,test
152,CHEMBL3641392,CN1CCN(c2ccc(-c3cc4ncn(C)c(=O)c4c(N4CCC(N(C)C)C4)n3)cc2)CC1,379.0,nM,=,IC50,6.42,6.421360790031928,0,test
116,CHEMBL3641356,CN1CCN(c2ccc(-c3cc4ncn(C)c(=O)c4c(NCCO)n3)cc2)CC1,44.0,nM,=,IC50,7.36,7.356547323513812,1,train
501,CHEMBL3701417,CCNc1nc(-c2ccc(C3CCN(C(C)C)CC3)c(F)c2)cc2ncn(C)c(=O)c12,86.0,nM,=,IC50,7.07,7.0655015487564325,1,train
421,CHEMBL3698080,Cn1cnc2cc(-c3ccc(OCCN4CCCC4)c(S(C)(=O)=O)c3)nc(NC3CC3)c2c1=O,84.0,nM,=,IC50,7.08,7.075720713938118,1,train
75,CHEMBL3641315,Cn1cnc2cc(-c3ccc(N4CCOCC4)cc3)nc(NC3CCOC3)c2c1=O,72.0,nM,=,IC50,7.14,7.142667503568731,1,train
357,CHEMBL3643634,CN1C(=O)C(=O)c2cc(-c3cc4ncn(C)c(=O)c4c(N4CC[C@H](CO)C4)n3)ccc21,497.0,nM,=,IC50,6.3,6.303643611266668,0,train
148,CHEMBL3641388,CN1CCN(c2ccc(-c3cc4ncn(C)c(=O)c4c(NCC4CCOC4)n3)cc2)CC1,125.0,nM,=,IC50,6.9,6.903089986991944,1,train
210,CHEMBL3641451,Cn1cnc2cc(-c3ccc(N4CCOCC4)cc3)nc(N3CC[C@H](O)C3)c2c1=O,760.0,nM,=,IC50,6.12,6.119186407719209,0,train
188,CHEMBL3641428,Cn1cnc2cc(-c3ccc(N4CCOCC4)cc3)nc(N3CCC[C@H](CO)C3)c2c1=O,925.0,nM,=,IC50,6.03,6.0338582672609675,0,test
680,CHEMBL3701598,Cn1cnc2cc(-c3ccc(C(C)(C)C)cc3)nc(NC3CC3)c2c1=O,3970.0,nM,=,IC50,5.4,5.401209493236885,0,train
113,CHEMBL3641353,Cn1cnc2cc(-c3ccc(C(C)(C)O)nc3)nc(N3CC(CO)C3)c2c1=O,435.0,nM,=,IC50,6.36,6.361510743045363,0,train
126,CHEMBL3641366,C[C@H](CO)Nc1nc(-c2ccc(N3CCNCC3)cc2)cc2ncn(C)c(=O)c12,19.0,nM,=,IC50,7.72,7.721246399047171,1,test
159,CHEMBL3641399,CN1CCN(c2ccc(-c3cc4ncn(C)c(=O)c4c(N4CCCC(O)C4)n3)cc2)CC1,671.0,nM,=,IC50,6.17,6.1732774798310075,0,train
547,CHEMBL3701464,CC(C)Nc1nc(-c2ccc(N3CCOCC3)cc2)cc2ncn(C)c(=O)c12,315.0,nM,=,IC50,6.5,6.501689446210399,0,test
584,CHEMBL3701501,CN1CCC(Nc2ccc(-c3cc4ncn(C)c(=O)c4c(NC4CC4)n3)cn2)CC1,232.0,nM,=,IC50,6.63,6.634512015109101,0,test
329,CHEMBL3643606,C[C@H](NS(C)(=O)=O)c1ccc(-c2cc3ncn(C)c(=O)c3c(NC3CC3)n2)cc1,302.0,nM,=,IC50,6.52,6.519993057042849,0,train
486,CHEMBL3698145,Cn1cnc2cc(-c3ccc(C4(O)CCC4)cc3)nc(NC3CC3)c2c1=O,296.0,nM,=,IC50,6.53,6.528708288941061,0,train
453,CHEMBL3698112,COCCNc1nc(-c2ccc(NC3CCN(C)CC3)c(S(C)(=O)=O)c2)cc2ncn(C)c(=O)c12,45.0,nM,=,IC50,7.35,7.346787486224656,1,test
1,CHEMBL3639402,CN1CCN(c2ccc(-c3cc4ncn(C)c(=O)c4c(N4CC[C@@H](F)C4)n3)cc2)CC1,163.0,nM,=,IC50,6.79,6.787812395596042,0,train
214,CHEMBL3641455,Cn1cnc2cc(-c3ccc(N4CCOCC4)cc3)nc(-c3ccc(N4CCOCC4)cc3)c2c1=O,535.0,nM,=,IC50,6.27,6.2716462179787715,0,train
384,CHEMBL3698043,Cn1cnc2cc(-c3ccc(N4CCOCC4)cc3)nc(NC[C@@H]3CCCO3)c2c1=O,411.0,nM,=,IC50,6.39,6.386158178123931,0,train
471,CHEMBL3698130,Cn1cnc2cc(-c3ccc(N4CCCC4=O)cc3)nc(N3CC[C@H](CO)C3)c2c1=O,650.0,nM,=,IC50,6.19,6.187086643357144,0,train
128,CHEMBL3641368,Cn1cnc2cc(-c3ccc(C(C)(C)O)nc3)nc(N3CC(O)C3)c2c1=O,1119.0,nM,=,IC50,5.95,5.95116991347165,0,train
693,CHEMBL3701611,Cn1cnc2cc(-c3ccc(C(C)(C)O)nc3)nc(N3CCC(CO)CC3)c2c1=O,724.0,nM,=,IC50,6.14,6.140261433802853,0,test
712,CHEMBL3701630,Cn1cnc2cc(-c3ccc(C(C)(C)O)nc3)nc(NCCc3ccccc3)c2c1=O,1554.0,nM,=,IC50,5.81,5.808548985535104,0,test
718,CHEMBL3701636,Cn1cnc2cc(-c3ccc(C(C)(C)O)nc3)nc(NC(C)(C)CO)c2c1=O,219.0,nM,=,IC50,6.66,6.6595558851598815,0,train
231,CHEMBL3643508,Cn1cnc2cc(-c3ccc(N4CCOCC4)cc3)nc(N[C@H]3CC[C@@H](C(N)=O)CC3)c2c1=O,51.1,nM,=,IC50,7.29,7.291579099865287,1,test
196,CHEMBL3641437,Cn1cnc2cc(-c3ccc(N4CCOCC4)cc3)nc(N[C@@H]3CC[C@@H](O)C3)c2c1=O,28.0,nM,=,IC50,7.55,7.552841968657781,1,train
163,CHEMBL3641403,CN1CCN(c2ccc(-c3cc4ncn(C)c(=O)c4c(N[C@]4(C)CCC[C@H]4CO)n3)cc2)CC1,511.0,nM,=,IC50,6.29,6.291579099865287,0,train
582,CHEMBL3701499,Cn1cnc2cc(-c3ccc(NCCO)nc3)nc(NC3CC3)c2c1=O,135.0,nM,=,IC50,6.87,6.8696662315049934,1,train
225,CHEMBL3641466,Cn1cnc2cc(-c3ccc(N4CCC(C)(O)CC4)cc3)nc(N[C@H]3CC[C@@H](N)CC3)c2c1=O,5.61,nM,=,IC50,8.25,8.251037138743838,1,train
331,CHEMBL3643608,C[C@H](NS(C)(=O)=O)c1ccc(-c2cc3ncn(C)c(=O)c3c(N[C@@H]3CCOC3)n2)cc1,122.0,nM,=,IC50,6.91,6.913640169325252,1,test
640,CHEMBL3701557,CCNc1nc(-c2ccc(N[C@H](C)CO)c(S(C)(=O)=O)c2)cc2ncn(C)c(=O)c12,137.0,nM,=,IC50,6.86,6.863279432843593,1,train
404,CHEMBL3698063,CC(C)Nc1nc(-c2cnn(CC(=O)N3CCOCC3)c2)cc2ncn(C)c(=O)c12,101.0,nM,=,IC50,7.0,6.995678626217358,1,train
673,CHEMBL3701590,CC(C)Nc1nc(-c2cncc(CN3CCOCC3)c2)cc2ncn(C)c(=O)c12,771.0,nM,=,IC50,6.11,6.112945621949043,0,train
154,CHEMBL3641394,Cn1cnc2cc(-c3ccc(N4CCNCC4)cc3)nc(N3CC[C@H](CO)C3)c2c1=O,71.0,nM,=,IC50,7.15,7.1487416512809245,1,train
534,CHEMBL3701451,CN(C)c1ccc(-c2cc3ncn(C)c(=O)c3c(NC3CC3)n2)cn1,182.0,nM,=,IC50,6.74,6.739928612014925,0,train
675,CHEMBL3701592,CC(C)Nc1nc(-c2ccc(CN3CCCC3)nc2)cc2ncn(C)c(=O)c12,262.0,nM,=,IC50,6.58,6.581698708680254,0,test
436,CHEMBL3698095,COCCNc1nc(-c2ccc(S(C)(=O)=O)c(N3CCOCC3)c2)cc2ncn(C)c(=O)c12,227.0,nM,=,IC50,6.64,6.6439741428068775,0,test
309,CHEMBL3643586,COCCNc1nc(-c2ccc(CN)cc2)cc2ncn(C)c(=O)c12,909.0,nM,=,IC50,6.04,6.041436116778033,0,train
79,CHEMBL3641319,Cn1cnc2cc(-c3ccc(N4CCOCC4)cc3)nc(NCCO)c2c1=O,99.0,nM,=,IC50,7.0,7.00436480540245,1,test
308,CHEMBL3643585,CC(C)Nc1nc(-c2ccc(CN)cc2)cc2ncn(C)c(=O)c12,587.0,nM,=,IC50,6.23,6.231361898752385,0,train
604,CHEMBL3701521,Cn1cnc2cc(-c3ccc(NS(C)(=O)=O)cc3)nc(NC3CC3)c2c1=O,345.0,nM,=,IC50,6.46,6.462180904926726,0,train
491,CHEMBL3698150,COCCNc1nc(-c2ccc(S(=O)(=O)CCN3CCCC3)cc2)cc2ncn(C)c(=O)c12,374.0,nM,=,IC50,6.43,6.42712839779952,0,test
489,CHEMBL3698148,Cn1cnc2cc(-c3ccc(S(=O)(=O)CCN4CCCC4)cc3)nc(NC3CC3)c2c1=O,392.0,nM,=,IC50,6.41,6.406713932979542,0,train
268,CHEMBL3643545,Cn1cnc2cc(-c3ccc(N4CCOCC4)cc3)nc(N[C@@H]3CC[C@@H](CO)C3)c2c1=O,91.9,nM,=,IC50,7.04,7.036684488613889,1,train
135,CHEMBL3641375,CN1CCN(c2ccc(-c3cc4ncn(C)c(=O)c4c(N4CC[C@H](CO)C4)n3)cc2)CC1,57.0,nM,=,IC50,7.24,7.2441251443275085,1,train
526,CHEMBL3701443,CC(C)Nc1nc(-c2cccc(S(N)(=O)=O)c2)cc2ncn(C)c(=O)c12,86.0,nM,=,IC50,7.07,7.0655015487564325,1,train
312,CHEMBL3643589,C[C@@H](N)c1ccc(-c2cc3ncn(C)c(=O)c3c(NCCCO)n2)cc1,130.0,nM,=,IC50,6.89,6.886056647693163,1,train
119,CHEMBL3641359,C[C@@H](CO)Nc1nc(-c2ccc(C(C)(C)O)nc2)cc2ncn(C)c(=O)c12,754.0,nM,=,IC50,6.12,6.122628654130226,0,test
477,CHEMBL3698136,Cn1cnc2cc(-c3ccc(C4CCNCC4)c(F)c3)nc(NC3CC3)c2c1=O,237.0,nM,=,IC50,6.62,6.6252516539898965,0,train
8,CHEMBL3641248,Cn1cnc2cc(-c3ccc(C(C)(C)O)nc3)nc(NCc3cccc(C(=O)O)c3)c2c1=O,195.0,nM,=,IC50,6.71,6.709965388637482,0,train
114,CHEMBL3641354,Cn1cnc2cc(-c3ccc(N4CCNCC4)cc3)nc(N[C@@H]3CCOC3)c2c1=O,19.0,nM,=,IC50,7.72,7.721246399047171,1,train
381,CHEMBL3698040,CC(C)Nc1nc(-c2ccc(F)c(S(C)(=O)=O)c2)cc2ncn(C)c(=O)c12,572.0,nM,=,IC50,6.24,6.242603971206976,0,train
62,CHEMBL3641302,Cn1cnc2cc(-c3ccc(C(C)(C)O)nc3)nc(NCCS(C)(=O)=O)c2c1=O,904.0,nM,=,IC50,6.04,6.043831569524636,0,train
546,CHEMBL3701463,COC(C)(C)c1ccc(-c2cc3ncn(C)c(=O)c3c(NC(C)C)n2)cc1,575.0,nM,=,IC50,6.24,6.2403321553103694,0,train
233,CHEMBL3643510,Cn1cnc2cc(-c3ccc(N4CCOCC4)cc3)nc(-c3ccc(CO)o3)c2c1=O,170.0,nM,=,IC50,6.77,6.769551078621726,0,train
595,CHEMBL3701512,COCCNCCc1ccc(-c2cc3ncn(C)c(=O)c3c(NC3CC3)n2)cc1,156.0,nM,=,IC50,6.81,6.806875401645538,1,train
237,CHEMBL3643514,Cn1cnc2cc(-c3ccc(N4CCOCC4)cc3)nc(NC[C@@H](O)CO)c2c1=O,173.0,nM,=,IC50,6.76,6.761953896871205,0,test
352,CHEMBL3643629,Cn1cnc2cc(-c3ccc(C(O)C(F)(F)F)cc3)nc(N3CC[C@H](CO)C3)c2c1=O,339.0,nM,=,IC50,6.47,6.4698003017969175,0,train
226,CHEMBL3643503,Cn1cnc2cc(-c3ccc(N4CCOCC4)cc3)nc(N[C@H]3CC[C@@H](N)CC3)c2c1=O,3.89,nM,=,IC50,8.41,8.410050398674292,1,train
679,CHEMBL3701597,CC(C)Nc1nc(-c2ccc(C(C)(C)C)cc2)cc2ncn(C)c(=O)c12,6736.0,nM,=,IC50,5.17,5.171597921508407,0,train
127,CHEMBL3641367,C[C@@H](CO)Nc1nc(-c2ccc(N3CCNCC3)cc2)cc2ncn(C)c(=O)c12,111.0,nM,=,IC50,6.96,6.954677021213342,1,train
376,CHEMBL3698035,CC(C)Nc1nc(-c2ccc(N(C)C)c(S(C)(=O)=O)c2)cc2ncn(C)c(=O)c12,204.0,nM,=,IC50,6.69,6.690369832574102,0,train
68,CHEMBL3641308,C[C@H](Nc1nc(-c2ccc(N3CCOCC3)cc2)cc2c1C(=O)N(C)CN2)c1ccccc1,3752.0,nM,=,IC50,5.43,5.425737170292973,0,train
115,CHEMBL3641355,CC(C)Nc1nc(-c2ccc(C3CCNCC3)cc2)cc2ncn(C)c(=O)c12,35.0,nM,=,IC50,7.46,7.455931955649724,1,train
222,CHEMBL3641463,Cn1cc(-c2cc3ncn(C)c(=O)c3c(N[C@@H]3CCOC3)n2)cn1,109.0,nM,=,IC50,6.96,6.962573502059376,1,test
359,CHEMBL3643636,Cn1cnc2cc(-c3ccc(C4(N)CC4)cc3)nc(NCCCO)c2c1=O,884.0,nM,=,IC50,6.05,6.053547734986927,0,train
254,CHEMBL3643531,Cn1cnc2cc(-c3ccc(N4CCOCC4)cc3)nc(OC[C@H]3CCNC3)c2c1=O,64.1,nM,=,IC50,7.19,7.193141970481182,1,train
162,CHEMBL3641402,CN1CCN(c2ccc(-c3cc4ncn(C)c(=O)c4c(N4CC(CO)C4)n3)cc2)CC1,196.0,nM,=,IC50,6.71,6.707743928643524,0,train
619,CHEMBL3701536,CCNc1nc(-c2ccc(C3CCN(C)CC3)nc2)cc2ncn(C)c(=O)c12,938.0,nM,=,IC50,6.03,6.027797161620936,0,train
208,CHEMBL3641449,COC[C@H]1CCN(c2nc(-c3ccc(N4CCN(C)CC4)cc3)cc3ncn(C)c(=O)c23)C1,1084.0,nM,=,IC50,5.96,5.964970717797632,0,train
468,CHEMBL3698127,CN1CCC(Nc2ccc(-c3cc4ncn(C)c(=O)c4c(N4CC[C@H](CO)C4)n3)cc2S(C)(=O)=O)CC1,127.0,nM,=,IC50,6.9,6.896196279044043,1,train
446,CHEMBL3698105,CNc1ccc(-c2cc3ncn(C)c(=O)c3c(NCCCO)n2)cc1S(C)(=O)=O,53.0,nM,=,IC50,7.28,7.275724130399211,1,test
9,CHEMBL3641249,Cn1cnc2cc(-c3ccc(C(C)(C)O)nc3)nc(NCCCC(=O)O)c2c1=O,2707.0,nM,=,IC50,5.57,5.567511744229494,0,train
90,CHEMBL3641330,Cn1cnc2cc(-c3ccc(N4CCOCC4)cc3)nc(N[C@@H]3CCN(S(C)(=O)=O)C3)c2c1=O,253.0,nM,=,IC50,6.6,6.5968794788241825,0,train
650,CHEMBL3701567,C[C@@H](CO)Nc1ccc(-c2cc3ncn(C)c(=O)c3c(NCCCO)n2)cc1S(C)(=O)=O,287.0,nM,=,IC50,6.54,6.542118103266008,0,train
164,CHEMBL3641404,CN1CCN(c2ccc(-c3cc4ncn(C)c(=O)c4c(N4CC5(COC5)C4)n3)cc2)CC1,1011.0,nM,=,IC50,6.0,5.995248844408999,0,train
469,CHEMBL3698128,Cn1cnc2cc(-c3ccc(N4CCCC4=O)cc3)nc(NCCO)c2c1=O,586.0,nM,=,IC50,6.23,6.23210238398191,0,train
626,CHEMBL3701543,Cn1cnc2cc(-c3ccc(C(C)(C)N)cc3)nc(N3CC[C@H](CO)C3)c2c1=O,102.0,nM,=,IC50,6.99,6.991399828238082,1,train
41,CHEMBL3641281,Cn1cnc2cc(-c3ccc(OCCO)cc3)nc(N3CC[C@H](CO)C3)c2c1=O,294.0,nM,=,IC50,6.53,6.531652669587842,0,train
117,CHEMBL3641357,CN1CCN(c2ccc(-c3cc4ncn(C)c(=O)c4c(NCCCO)n3)cc2)CC1,45.0,nM,=,IC50,7.35,7.346787486224656,1,train
120,CHEMBL3641360,Cn1cnc2cc(-c3ccc(C4CCNCC4)cc3)nc(NCCO)c2c1=O,47.0,nM,=,IC50,7.33,7.327902142064283,1,train
521,CHEMBL3701437,CC(C)Nc1nc(-c2ccc3c(c2)NC(=O)C(C)(C)O3)cc2ncn(C)c(=O)c12,1110.0,nM,=,IC50,5.96,5.954677021213342,0,train
343,CHEMBL3643620,CCN1CCC(c2ccc(-c3cc4ncn(C)c(=O)c4c(NCCCO)n3)cc2C)CC1,165.0,nM,=,IC50,6.78,6.782516055786093,0,train
229,CHEMBL3643506,Cc1ccnc(Nc2cc3ncn(C)c(=O)c3c(N[C@H]3CC[C@@H](O)CC3)n2)c1,169.0,nM,=,IC50,6.77,6.772113295386326,0,train
230,CHEMBL3643507,Cn1cnc2cc(-c3ccc(N4CCOCC4)cc3)nc(N[C@H]3CC[C@@H](C(=O)O)CC3)c2c1=O,445.0,nM,=,IC50,6.35,6.351639989019068,0,train
508,CHEMBL3701424,COCC(=O)NCCNc1nc(-c2ccc(C(C)(C)O)cc2)cc2ncn(C)c(=O)c12,430.0,nM,=,IC50,6.37,6.366531544420414,0,train
708,CHEMBL3701626,Cn1cnc2cc(N3CCN(c4ccccn4)CC3)nc(NCCCN)c2c1=O,3918.0,nM,=,IC50,5.41,5.406935568341282,0,test
476,CHEMBL3698135,COc1ccc(-c2cc3ncn(C)c(=O)c3c(NC(C)C)n2)cc1S(=O)(=O)N1CCOCC1,195.0,nM,=,IC50,6.71,6.709965388637482,0,train
243,CHEMBL3643520,Cn1cnc2cc(-c3ccc(N4CCOCC4)cc3)nc(NCCc3cnc[nH]3)c2c1=O,81.3,nM,=,IC50,7.09,7.089909454405932,1,train
557,CHEMBL3701474,Cn1cnc2cc(-c3cccc(S(=O)(=O)NCCO)c3)nc(NC3CC3)c2c1=O,82.0,nM,=,IC50,7.09,7.086186147616283,1,train
270,CHEMBL3643547,Cn1cnc2cc(-c3ccc(N4CCOCC4)cc3)nc(N[C@@H]3CC[C@H](CO)C3)c2c1=O,76.3,nM,=,IC50,7.12,7.117475462045119,1,train
465,CHEMBL3698124,CC(C)Nc1nc(-c2ccc(N3CCCC3=O)cc2)cc2ncn(C)c(=O)c12,614.0,nM,=,IC50,6.21,6.211831628858833,0,train
186,CHEMBL3641426,CCNCC(=O)N1CCN(c2ccc(-c3cc4ncn(C)c(=O)c4c(N4CC[C@H](CO)C4)n3)cc2)CC1,38.0,nM,=,IC50,7.42,7.42021640338319,1,train
255,CHEMBL3643532,CN1CCN(c2ccc(-c3cc4ncn(C)c(=O)c4c(OCCc4cnn[nH]4)n3)cc2)CC1,24.3,nM,=,IC50,7.61,7.614393726401688,1,test
507,CHEMBL3701423,Cn1cnc2cc(-c3ccc(S(C)(=O)=O)cc3)nc(NC3CCC3)c2c1=O,391.0,nM,=,IC50,6.41,6.407823242604133,0,train
130,CHEMBL3641370,Cn1cnc2cc(-c3ccc(C(C)(C)O)nc3)nc(N3CC4(COC4)C3)c2c1=O,662.0,nM,=,IC50,6.18,6.1791420105603,0,train
578,CHEMBL3701495,CCN1CCN(c2ccc(-c3cc4ncn(C)c(=O)c4c(NC4CC4)n3)cn2)CC1,158.0,nM,=,IC50,6.8,6.801342913045577,1,test
487,CHEMBL3698146,CC(C)Nc1nc(-c2ccc(C3(O)CCC3)cc2)cc2ncn(C)c(=O)c12,1046.0,nM,=,IC50,5.98,5.980468315468745,0,train
437,CHEMBL3698096,COCCNc1nc(-c2ccc(NCCN3CCOCC3)c(S(C)(=O)=O)c2)cc2ncn(C)c(=O)c12,26.0,nM,=,IC50,7.58,7.585026652029182,1,train
301,CHEMBL3643578,COCCNc1nc(-c2ccc(C(=N)NO)cc2)cc2ncn(C)c(=O)c12,548.0,nM,=,IC50,6.26,6.261219441515631,0,train
565,CHEMBL3701482,CC(C)Nc1nc(-c2ccc(N3CCOCC3)nc2)cc2ncn(C)c(=O)c12,296.0,nM,=,IC50,6.53,6.528708288941061,0,train
279,CHEMBL3643556,CN1CCc2cc(-c3cc4ncn(C)c(=O)c4c(N4CC[C@H](CO)C4)n3)ccc21,336.0,nM,=,IC50,6.47,6.4736607226101555,0,train
360,CHEMBL3643637,Cn1cnc2cc(-c3ccc(C4(N)CC4)cc3)nc(N[C@@H]3CCOC3)c2c1=O,514.0,nM,=,IC50,6.29,6.289036881004725,0,train
111,CHEMBL3641351,CC(C)Nc1nc(-c2ccc(N3CCN(C(C)C)CC3)cc2)cc2ncn(C)c(=O)c12,68.0,nM,=,IC50,7.17,7.167491087293763,1,test
709,CHEMBL3701627,Cn1cnc2cc(-c3ccc(N4CCOCC4)nc3)nc(NCCCN)c2c1=O,303.0,nM,=,IC50,6.52,6.518557371497695,0,train
703,CHEMBL3701621,Cn1cnc2cc(-c3ccc(C(C)(C)O)nc3)nc(N3CCN(CCO)CC3)c2c1=O,3327.0,nM,=,IC50,5.48,5.477947199131178,0,test
92,CHEMBL3641332,Cn1cnc2cc(-c3ccc(N4CCOCC4)cc3)nc(N[C@@H]3CCN(C(=O)CO)C3)c2c1=O,795.0,nM,=,IC50,6.1,6.0996328713435295,0,test
318,CHEMBL3643595,C[C@H](N)c1ccc(-c2cc3ncn(C)c(=O)c3c(N3CC[C@H](CO)C3)n2)cc1,258.0,nM,=,IC50,6.59,6.58838029403677,0,train
549,CHEMBL3701466,CC(C)Nc1nc(-c2ccc(C(C)O)nc2)cc2ncn(C)c(=O)c12,523.0,nM,=,IC50,6.28,6.281498311132726,0,train
688,CHEMBL3701606,COc1ccc(-c2cc3ncn(C)c(=O)c3c(NC[C@H](C)NS(C)(=O)=O)n2)cc1OC,145.0,nM,=,IC50,6.84,6.838631997765025,1,test
542,CHEMBL3701459,COc1cc(-c2cc3ncn(C)c(=O)c3c(NC3CC3)n2)ccn1,843.0,nM,=,IC50,6.07,6.074172425375258,0,train
262,CHEMBL3643539,Cn1cnc2cc(-c3ccc4c(c3)CC(=O)N4)nc(N[C@@H]3CCOC3)c2c1=O,178.0,nM,=,IC50,6.75,6.749579997691106,0,train
201,CHEMBL3641442,CN1CCN(c2ccc(-c3cc4ncn(C)c(=O)c4c(N4CCC[C@H](CO)C4)n3)cc2)CC1,177.0,nM,=,IC50,6.75,6.752026733638194,0,test
664,CHEMBL3701581,Cn1cnc2cc(-c3ccc(N4CCC[C@@H]4CO)c(S(C)(=O)=O)c3)nc(N3CC[C@H](CO)C3)c2c1=O,122.0,nM,=,IC50,6.91,6.913640169325252,1,train
175,CHEMBL3641415,CC(C)Nc1nc(-c2ccc(N3CCN(C(=O)CO)CC3)cc2)cc2ncn(C)c(=O)c12,100.0,nM,=,IC50,7.0,7.0,1,train
517,CHEMBL3701433,COCC(=O)N[C@@H](C)CNc1nc(-c2ccc(C(C)(C)O)cc2)cc2ncn(C)c(=O)c12,2615.0,nM,=,IC50,5.58,5.582528306796707,0,train
574,CHEMBL3701491,Cn1cnc2cc(-c3ccc(S(=O)(=O)NCCO)cc3)nc(NC3CC3)c2c1=O,222.0,nM,=,IC50,6.65,6.653647025549361,0,train
580,CHEMBL3701497,CCN1CCN(CCc2ccc(-c3cc4ncn(C)c(=O)c4c(NC4CC4)n3)cc2)CC1,265.0,nM,=,IC50,6.58,6.576754126063192,0,train
373,CHEMBL3698032,Cn1cnc2cc(-c3ccc(NCCO)c(S(C)(=O)=O)c3)nc(NC3CC3)c2c1=O,114.0,nM,=,IC50,6.94,6.943095148663527,1,train
251,CHEMBL3643528,Cn1cnc2cc(-c3ccc(N4CCOCC4)cc3)nc(OCCn3ccnc3)c2c1=O,159.0,nM,=,IC50,6.8,6.798602875679548,0,train
592,CHEMBL3701509,CC(C)Nc1nc(-c2ccc(CCN3CCCCC3)cc2)cc2ncn(C)c(=O)c12,143.0,nM,=,IC50,6.84,6.844663962534939,1,train
38,CHEMBL3641278,Cn1cnc2cc(-c3ccc(OCC4CCCO4)cc3)nc(N3CC[C@H](CO)C3)c2c1=O,265.0,nM,=,IC50,6.58,6.576754126063192,0,train
322,CHEMBL3643599,COCCNc1nc(-c2ccc3c(c2)S(=O)(=O)CCN3C)cc2ncn(C)c(=O)c12,53.0,nM,=,IC50,7.28,7.275724130399211,1,train
442,CHEMBL3698101,CCN1CCN(C(=O)Cc2ccc(-c3cc4ncn(C)c(=O)c4c(NC(C)C)n3)cc2)CC1,250.0,nM,=,IC50,6.6,6.6020599913279625,0,train
668,CHEMBL3701585,Cn1cnc2cc(-c3ccc(CCO)cc3)nc(NC3CC3)c2c1=O,289.0,nM,=,IC50,6.54,6.539102157243452,0,train
633,CHEMBL3701550,COCCNc1nc(-c2ccc(N)c(S(C)(=O)=O)c2)cc2ncn(C)c(=O)c12,210.0,nM,=,IC50,6.68,6.6777807052660805,0,test
204,CHEMBL3641445,Cn1cnc2cc(-c3ccc(C4CCNCC4)cc3)nc(NCCCOC(=O)C(F)(F)F)c2c1=O,384.0,nM,=,IC50,6.42,6.4156687756324695,0,train
678,CHEMBL3701596,CC(C)c1ccc(-c2cc3ncn(C)c(=O)c3c(NC3CC3)n2)cc1,3055.0,nM,=,IC50,5.51,5.514988785421427,0,train
405,CHEMBL3698064,CCN1CCN(C(=O)Cn2cc(-c3cc4ncn(C)c(=O)c4c(NC(C)C)n3)cn2)CC1,167.0,nM,=,IC50,6.78,6.777283528852417,0,train
406,CHEMBL3698065,COC(=O)Cn1cc(-c2cc3ncn(C)c(=O)c3c(NC(C)C)n2)cn1,124.0,nM,=,IC50,6.91,6.906578314837765,1,train
349,CHEMBL3643626,CC(C)Nc1nc(-c2ccc(C3CCC(=O)N3)cc2)cc2ncn(C)c(=O)c12,276.0,nM,=,IC50,6.56,6.559090917934782,0,test
53,CHEMBL3641293,CCC(=O)C1CCN(c2nc(-c3ccc(N4CCN(C)CC4)cc3)cc3ncn(C)c(=O)c23)C1,1755.0,nM,=,IC50,5.76,5.755722879198157,0,test
298,CHEMBL3643575,CN1C(=O)CS(=O)(=O)c2cc(-c3cc4ncn(C)c(=O)c4c(N[C@@H]4CCOC4)n3)ccc21,243.0,nM,=,IC50,6.61,6.614393726401688,0,train
686,CHEMBL3701604,C[C@@H](CNc1nc(-c2ccc(C(C)(C)O)cc2)cc2ncn(C)c(=O)c12)NS(C)(=O)=O,87.0,nM,=,IC50,7.06,7.060480747381382,1,train
556,CHEMBL3701473,COCc1ccc(-c2cc3ncn(C)c(=O)c3c(NC(C)C)n2)cc1,2207.0,nM,=,IC50,5.66,5.656197666838345,0,train
2,CHEMBL3639424,COCCNc1nc(-c2ccc(N3CC[C@H](O)C3)c(S(C)(=O)=O)c2)cc2ncn(C)c(=O)c12,60.5,nM,=,IC50,7.22,7.218244625347531,1,test
516,CHEMBL3701432,Cn1cnc2cc(-c3ccc(C(C)(C)O)nc3)nc(OCc3ccncc3)c2c1=O,700.0,nM,=,IC50,6.16,6.154901959985743,0,train
246,CHEMBL3643523,COCCOc1nc(-c2ccc(N3CCOCC3)cc2)cc2ncn(C)c(=O)c12,221.2,nM,=,IC50,6.66,6.65521487736734,0,train
392,CHEMBL3698051,CC(C)Nc1nc(-c2ccc(N(C)C3CCN(C)CC3)c(S(C)(=O)=O)c2)cc2ncn(C)c(=O)c12,76.0,nM,=,IC50,7.12,7.119186407719209,1,train
247,CHEMBL3643524,Cn1cnc2cc(-c3ccc(N4CCOCC4)cc3)nc(OCCc3cn[nH]c3)c2c1=O,27.1,nM,=,IC50,7.57,7.567030709125595,1,train
593,CHEMBL3701510,Cn1cnc2cc(-c3ccc(CCN4CCCC4)cc3)nc(NC3CC3)c2c1=O,139.0,nM,=,IC50,6.86,6.856985199745905,1,test
632,CHEMBL3701549,Cn1cnc2cc(-c3ccc(N)c(S(C)(=O)=O)c3)nc(NC3CC3)c2c1=O,246.0,nM,=,IC50,6.61,6.609064892896621,0,train
321,CHEMBL3643598,CC(C)Nc1nc(-c2ccc3c(c2)S(=O)(=O)CCN3C)cc2ncn(C)c(=O)c12,140.0,nM,=,IC50,6.85,6.853871964321762,1,train
399,CHEMBL3698058,CCCn1cc(-c2cc3ncn(C)c(=O)c3c(NC(C)C)n2)cn1,123.0,nM,=,IC50,6.91,6.910094888560602,1,train
25,CHEMBL3641265,COC(=O)c1cccc2c1CN(c1nc(-c3ccc(C(C)(C)O)nc3)cc3ncn(C)c(=O)c13)CC2,2288.0,nM,=,IC50,5.64,5.640543979879014,0,test
165,CHEMBL3641405,Cn1cnc2cc(-c3ccc(N4CCOCC4)cc3)nc(NC[C@H]3CCCO3)c2c1=O,264.0,nM,=,IC50,6.58,6.578396073130169,0,train
642,CHEMBL3701559,CCNc1nc(-c2ccc(NC[C@@H](C)O)c(S(C)(=O)=O)c2)cc2ncn(C)c(=O)c12,88.0,nM,=,IC50,7.06,7.055517327849832,1,train
325,CHEMBL3643602,CC(=O)N[C@H](C)c1ccc(-c2cc3ncn(C)c(=O)c3c(NC(C)C)n2)cc1,264.0,nM,=,IC50,6.58,6.578396073130169,0,train
153,CHEMBL3641393,CN1CCN(c2ccc(-c3cc4ncn(C)c(=O)c4c(NC[C@H]4CCCO4)n3)cc2)CC1,110.0,nM,=,IC50,6.96,6.958607314841775,1,train
684,CHEMBL3701602,Cn1cnc2cc(-c3ccc(C(C)(C)O)nc3)nc(NC3CCC(=O)NC3)c2c1=O,169.0,nM,=,IC50,6.77,6.772113295386326,0,train
136,CHEMBL3641376,CC(C)Nc1nc(-c2ccc(C3CNC3)cc2)cc2ncn(C)c(=O)c12,122.0,nM,=,IC50,6.91,6.913640169325252,1,test
450,CHEMBL3698109,COc1ccc(-c2cc3ncn(C)c(=O)c3c(NC3CC3)n2)cc1S(C)(=O)=O,181.0,nM,=,IC50,6.74,6.7423214251308154,0,train
72,CHEMBL3641312,CN(C)CCCNc1nc(-c2ccc(N3CCOCC3)cc2)cc2ncn(C)c(=O)c12,1988.0,nM,=,IC50,5.7,5.701583619938705,0,train
286,CHEMBL3643563,Cn1cnc2cc(-c3ccc(N4CCOCC4)cc3)nc(NCc3cn[nH]c3)c2c1=O,242.0,nM,=,IC50,6.62,6.616184634019569,0,train
497,CHEMBL3698156,CC(C)Nc1nc(-c2ccc(C3(O)CCCC3)cc2)cc2ncn(C)c(=O)c12,872.0,nM,=,IC50,6.06,6.059483515067432,0,train
14,CHEMBL3641254,Cc1cc(Nc2nc(-c3ccc(C(C)(C)O)nc3)cc3ncn(C)c(=O)c23)[nH]n1,3798.0,nM,=,IC50,5.42,5.420445039599001,0,train
677,CHEMBL3701595,CC(C)Nc1nc(-c2ccc(C(C)C)cc2)cc2ncn(C)c(=O)c12,9340.0,nM,=,IC50,5.03,5.029653123769907,0,train
36,CHEMBL3641276,Cn1cnc2cc(-c3ccc(N4CCNCC4)cc3)nc(N3CCc4cccc(CO)c4C3)c2c1=O,733.0,nM,=,IC50,6.13,6.134896025358872,0,train
326,CHEMBL3643603,CC(=O)N[C@H](C)c1ccc(-c2cc3ncn(C)c(=O)c3c(NC3CC3)n2)cc1,167.0,nM,=,IC50,6.78,6.777283528852417,0,train
585,CHEMBL3701502,Cn1cnc2cc(-c3cccc(S(=O)(=O)NC4CC4)c3)nc(NC3CC3)c2c1=O,366.0,nM,=,IC50,6.44,6.436518914605589,0,train
417,CHEMBL3698076,CC(C)Nc1nc(-c2ccc(N3CCOCC3)c(S(C)(=O)=O)c2)cc2ncn(C)c(=O)c12,180.0,nM,=,IC50,6.75,6.7447274948966935,0,train
459,CHEMBL3698118,Cn1cnc2cc(-c3ccc(N[C@H]4CCNC4)c(S(C)(=O)=O)c3)nc(NC3CC3)c2c1=O,48.0,nM,=,IC50,7.32,7.318758762624412,1,train
260,CHEMBL3643537,CC(C)Nc1nc(-c2ccc(N3CC[C@H](O)C3)cc2)cc2ncn(C)c(=O)c12,438.0,nM,=,IC50,6.36,6.3585258894959,0,train
269,CHEMBL3643546,Cn1cnc2cc(-c3ccc(N4CCOCC4)cc3)nc(N[C@H]3CC[C@@H](CO)C3)c2c1=O,149.0,nM,=,IC50,6.83,6.826813731587726,1,train
143,CHEMBL3641383,Cn1cnc2cc(-c3ccc(N4CCOCC4)cc3)nc(N3CC[C@@H](CO)C3)c2c1=O,190.0,nM,=,IC50,6.72,6.721246399047171,0,train
228,CHEMBL3643505,Cn1cnc2cc(Nc3cnccn3)nc(N[C@H]3CC[C@@H](O)CC3)c2c1=O,351.0,nM,=,IC50,6.46,6.454692883534176,0,test
375,CHEMBL3698034,CN(C)c1ccc(-c2cc3ncn(C)c(=O)c3c(NC3CC3)n2)cc1S(C)(=O)=O,114.0,nM,=,IC50,6.94,6.943095148663527,1,test
481,CHEMBL3698140,CCNc1nc(-c2ccc(S(=O)(=O)CCN3CCOCC3)cc2)cc2ncn(C)c(=O)c12,82.0,nM,=,IC50,7.09,7.086186147616283,1,test
694,CHEMBL3701612,CNS(=O)(=O)c1ccc(-c2cc3ncn(C)c(=O)c3c(NC3CC3)n2)cn1,581.0,nM,=,IC50,6.24,6.235823867609669,0,test
397,CHEMBL3698056,CC(C)Cn1cc(-c2cc3ncn(C)c(=O)c3c(NC(C)C)n2)cn1,359.0,nM,=,IC50,6.45,6.444905551421681,0,train
232,CHEMBL3643509,Cn1cnc2cc(-c3ccc(N4CCOCC4)cc3)nc(-c3ccc(CO)s3)c2c1=O,154.0,nM,=,IC50,6.81,6.812479279163537,1,train
548,CHEMBL3701465,Cn1cnc2cc(-c3ccc(C#N)nc3)nc(NC3CC3)c2c1=O,2543.0,nM,=,IC50,5.59,5.594653639824291,0,train
535,CHEMBL3701452,CC(=O)Nc1ccc(-c2cc3ncn(C)c(=O)c3c(NC3CC3)n2)cn1,353.0,nM,=,IC50,6.45,6.452225294612178,0,train
339,CHEMBL3643616,CN1CCC(c2ccc(-c3cc4ncn(C)c(=O)c4c(N4CC[C@H](CO)C4)n3)cc2F)CC1,174.0,nM,=,IC50,6.76,6.7594507517174005,0,train
715,CHEMBL3701633,CCOC(=O)c1ccnc(Nc2nc(-c3ccc(C(C)(C)O)nc3)cc3ncn(C)c(=O)c23)c1,2452.0,nM,=,IC50,5.61,5.610479534153622,0,train
320,CHEMBL3643597,C[C@H](N)c1ccc(-c2cc3ncn(C)c(=O)c3c(NC3CC3)n2)cc1,460.0,nM,=,IC50,6.34,6.337242168318426,0,train
34,CHEMBL3641274,Cn1cnc2cc(-c3ccc(N4CCNCC4)cc3)nc(N3CCc4ccc(CO)cc4C3)c2c1=O,2092.0,nM,=,IC50,5.68,5.679438319804763,0,train
415,CHEMBL3698074,CC(C)Nc1nc(-c2ccc(NCCN3CCOCC3)c(S(C)(=O)=O)c2)cc2ncn(C)c(=O)c12,111.0,nM,=,IC50,6.96,6.954677021213342,1,train
97,CHEMBL3641337,Cn1cnc2cc(-c3ccc(N4CCOCC4)cc3)nc(N3CCCC(C(N)=O)C3)c2c1=O,336.0,nM,=,IC50,6.47,6.4736607226101555,0,test
456,CHEMBL3698115,CC(C)Nc1nc(-c2ccc(N3CC[C@@H](O)C3)c(S(C)(=O)=O)c2)cc2ncn(C)c(=O)c12,156.0,nM,=,IC50,6.81,6.806875401645538,1,train
118,CHEMBL3641358,C[C@H](CO)Nc1nc(-c2ccc(C(C)(C)O)nc2)cc2ncn(C)c(=O)c12,177.0,nM,=,IC50,6.75,6.752026733638194,0,train
395,CHEMBL3698054,CN1CCN(CCCNc2ccc(-c3cc4ncn(C)c(=O)c4c(NC4CC4)n3)cc2S(C)(=O)=O)CC1,84.0,nM,=,IC50,7.08,7.075720713938118,1,test
121,CHEMBL3641361,Cn1cnc2cc(-c3ccc(C4CCNCC4)cc3)nc(NCCCO)c2c1=O,42.0,nM,=,IC50,7.38,7.376750709602099,1,train
263,CHEMBL3643540,Cn1cnc2cc(-c3ccc4c(c3)CC(=O)N4)nc(N3CC[C@H](CO)C3)c2c1=O,359.0,nM,=,IC50,6.45,6.444905551421681,0,train
581,CHEMBL3701498,Cc1cn(-c2ccc(-c3cc4ncn(C)c(=O)c4c(NC4CC4)n3)cn2)cn1,1442.0,nM,=,IC50,5.84,5.84103473961659,0,train
365,CHEMBL3643642,CC(C)Nc1nc(-c2ccc(C3(N)CC3)nc2)cc2ncn(C)c(=O)c12,158.0,nM,=,IC50,6.8,6.801342913045577,1,train
641,CHEMBL3701558,C[C@H](CO)Nc1ccc(-c2cc3ncn(C)c(=O)c3c(NC3CC3)n2)cc1S(C)(=O)=O,97.0,nM,=,IC50,7.01,7.013228265733755,1,train
174,CHEMBL3641414,CCN1CCC(c2ccc(-c3cc4ncn(C)c(=O)c4c(N4CC[C@H](CO)C4)n3)cc2)CC1,72.0,nM,=,IC50,7.14,7.142667503568731,1,train
691,CHEMBL3701609,Cn1cnc2cc(-c3ccc(C(C)(C)O)cc3)nc(N)c2c1=O,864.0,nM,=,IC50,6.06,6.063486257521107,0,train
69,CHEMBL3641309,COCC(C)Nc1nc(-c2ccc(N3CCOCC3)cc2)cc2c1C(=O)N(C)CN2,897.0,nM,=,IC50,6.05,6.047207556955908,0,train
576,CHEMBL3701493,CCNc1nc(-c2cncc(OC)n2)cc2ncn(C)c(=O)c12,3368.0,nM,=,IC50,5.47,5.472627917172388,0,train
687,CHEMBL3701605,C[C@@H](CNc1nc(-c2ccc(C(C)(C)O)nc2)cc2ncn(C)c(=O)c12)NS(C)(=O)=O,156.0,nM,=,IC50,6.81,6.806875401645538,1,test
523,CHEMBL3701439,Cc1nc2ccc(-c3cc4ncn(C)c(=O)c4c(NC(C)C)n3)cc2[nH]1,208.0,nM,=,IC50,6.68,6.681936665037238,0,train
572,CHEMBL3701489,CNS(=O)(=O)c1ccc(-c2cc3ncn(C)c(=O)c3c(NC(C)C)n2)cc1,754.0,nM,=,IC50,6.12,6.122628654130226,0,train
460,CHEMBL3698119,CC(C)Nc1nc(-c2ccc(N[C@H]3CCNC3)c(S(C)(=O)=O)c2)cc2ncn(C)c(=O)c12,34.0,nM,=,IC50,7.47,7.468521082957745,1,test
670,CHEMBL3701587,Cn1cnc2cc(-c3cccc(S(=O)(=O)N4CCOCC4)c3)nc(NC3CC3)c2c1=O,4962.0,nM,=,IC50,5.3,5.30434324006381,0,train
319,CHEMBL3643596,C[C@@H](N)c1ccc(-c2cc3ncn(C)c(=O)c3c(NC3CC3)n2)cc1,150.0,nM,=,IC50,6.82,6.823908740944319,1,train
356,CHEMBL3643633,CN1C(=O)C(=O)c2cc(-c3cc4ncn(C)c(=O)c4c(N[C@@H]4CCOC4)n3)ccc21,189.0,nM,=,IC50,6.72,6.723538195826756,0,test
531,CHEMBL3701448,Cn1cnc2cc(-c3ccc(F)nc3)nc(NC3CC3)c2c1=O,472.0,nM,=,IC50,6.33,6.3260580013659125,0,train
252,CHEMBL3643529,Cn1cnc2cc(-c3ccc(N4CCOCC4)cc3)nc(O[C@H]3CC[C@@H](N)CC3)c2c1=O,5.31,nM,=,IC50,8.28,8.27490547891853,1,train
389,CHEMBL3698048,CN1CCC(Nc2ccc(-c3cc4ncn(C)c(=O)c4c(NC4CC4)n3)cc2S(C)(=O)=O)CC1,30.0,nM,=,IC50,7.52,7.522878745280337,1,train
20,CHEMBL3641260,Cn1cnc2cc(-c3ccc(C(C)(C)O)nc3)nc(Nc3cccc(S(C)(=O)=O)c3)c2c1=O,1422.0,nM,=,IC50,5.85,5.847100403606253,0,test
599,CHEMBL3701516,CCOc1ccc(-c2cc3ncn(C)c(=O)c3c(NC(C)C)n2)cn1,977.0,nM,=,IC50,6.01,6.0101054362812265,0,test
564,CHEMBL3701481,Cn1cnc2cc(-c3ccc(N4CCOCC4)nc3)nc(NC3CC3)c2c1=O,397.0,nM,=,IC50,6.4,6.401209493236885,0,train
403,CHEMBL3698062,CC(C)Nc1nc(-c2cnn(CCN3CCOCC3)c2)cc2ncn(C)c(=O)c12,200.0,nM,=,IC50,6.7,6.698970004336019,0,train
378,CHEMBL3698037,CC(C)Nc1nc(-c2ccc(N3CCN(CCO)CC3)c(S(C)(=O)=O)c2)cc2ncn(C)c(=O)c12,52.0,nM,=,IC50,7.28,7.2839966563652006,1,train
23,CHEMBL3641263,Cn1cnc2cc(-c3ccc(C(C)(C)O)nc3)nc(Nc3cccc(-c4nnn[nH]4)c3)c2c1=O,602.0,nM,=,IC50,6.22,6.220403508742176,0,train
193,CHEMBL3641434,O=c1[nH]cnc2cc(-c3ccc(N4CCOCC4)cc3)nc(N3CC[C@H](CO)C3)c12,182.0,nM,=,IC50,6.74,6.739928612014925,0,train
396,CHEMBL3698055,CC(C)Nc1nc(-c2ccc(NCCCN3CCN(C)CC3)c(S(C)(=O)=O)c2)cc2ncn(C)c(=O)c12,122.0,nM,=,IC50,6.91,6.913640169325252,1,train
213,CHEMBL3641454,Cn1cnc2cc(-c3ccc(C(C)(C)O)nc3)nc(Nc3ccccn3)c2c1=O,926.0,nM,=,IC50,6.03,6.033389013318065,0,train
425,CHEMBL3698084,Cn1cnc2cc(-c3ccc(N4CCOCC4)c(S(C)(=O)=O)c3)nc(NC[C@@H]3CCCO3)c2c1=O,141.0,nM,=,IC50,6.85,6.85078088734462,1,test
374,CHEMBL3698033,CC(C)Nc1nc(-c2ccc(NCCO)c(S(C)(=O)=O)c2)cc2ncn(C)c(=O)c12,114.0,nM,=,IC50,6.94,6.943095148663527,1,train
388,CHEMBL3698047,CC(C)Nc1nc(-c2ccc(OCCN3CCCC3)cc2)cc2ncn(C)c(=O)c12,115.0,nM,=,IC50,6.94,6.939302159646388,1,train
65,CHEMBL3641305,C[C@H](Nc1nc(-c2ccc(N3CCOCC3)cc2)cc2ncn(C)c(=O)c12)c1ccccc1,2814.0,nM,=,IC50,5.55,5.550675906901273,0,train
559,CHEMBL3701476,CC(C)Nc1nc(-c2cccc(S(=O)(=O)N(C)C)c2)cc2ncn(C)c(=O)c12,1203.0,nM,=,IC50,5.92,5.919734372660155,0,test
277,CHEMBL3643554,CC(=O)N1CCc2cc(-c3cc4ncn(C)c(=O)c4c(NC(C)C)n3)ccc21,1064.0,nM,=,IC50,5.97,5.9730583720409705,0,train
94,CHEMBL3641334,Cn1cnc2cc(-c3ccc(N4CCOCC4)cc3)nc(N[C@H]3CCC[C@H]3O)c2c1=O,280.0,nM,=,IC50,6.55,6.552841968657781,0,test
467,CHEMBL3698126,COCCNc1nc(-c2ccc(N3CC[C@H](CO)C3)c(S(C)(=O)=O)c2)cc2ncn(C)c(=O)c12,74.0,nM,=,IC50,7.13,7.130768280269024,1,train
207,CHEMBL3641448,CN1CCN(c2ccc(-c3cc4ncn(C)c(=O)c4c(N[C@@H]4CCCC[C@H]4CO)n3)cc2)CC1,1456.0,nM,=,IC50,5.84,5.836838625022981,0,train
299,CHEMBL3643576,CN1C(=O)CS(=O)(=O)c2cc(-c3cc4ncn(C)c(=O)c4c(N4CC[C@H](CO)C4)n3)ccc21,204.0,nM,=,IC50,6.69,6.690369832574102,0,train
383,CHEMBL3698042,CC(C)Nc1nc(NCCCN2CCN(C)CC2)cc2ncn(C)c(=O)c12,1860.0,nM,=,IC50,5.73,5.730487055782084,0,train
483,CHEMBL3698142,CC(C)Nc1nc(-c2ccc(S(=O)(=O)CCN3CCOCC3)cc2)cc2ncn(C)c(=O)c12,217.0,nM,=,IC50,6.66,6.66354026615147,0,train
621,CHEMBL3701538,Cn1cnc2cc(-c3ccc(S(=O)(=O)CCN4CCOCC4)cc3)nc(NC3CCOC3)c2c1=O,97.0,nM,=,IC50,7.01,7.013228265733755,1,train
313,CHEMBL3643590,C[C@@H](N)c1ccc(-c2cc3ncn(C)c(=O)c3c(N[C@@H]3CCOC3)n2)cc1,157.0,nM,=,IC50,6.8,6.804100347590766,1,train
669,CHEMBL3701586,COc1cncc(-c2cc3ncn(C)c(=O)c3c(NC(C)C)n2)n1,5783.0,nM,=,IC50,5.24,5.237846807696405,0,test
316,CHEMBL3643593,C[C@H](N)c1ccc(-c2cc3ncn(C)c(=O)c3c(NCCCO)n2)cc1,127.0,nM,=,IC50,6.9,6.896196279044043,1,train
303,CHEMBL3643580,Cn1cnc2cc(-c3ccc(C(=N)NO)cc3)nc(N3CC[C@H](CO)C3)c2c1=O,262.0,nM,=,IC50,6.58,6.581698708680254,0,train
426,CHEMBL3698085,Cc1ccc(CNc2nc(-c3ccc(N4CCOCC4)c(S(C)(=O)=O)c3)cc3ncn(C)c(=O)c23)o1,496.0,nM,=,IC50,6.3,6.304518323509803,0,test
605,CHEMBL3701522,CC(C)Nc1nc(-c2ccc(NS(C)(=O)=O)cc2)cc2ncn(C)c(=O)c12,620.0,nM,=,IC50,6.21,6.2076083105017466,0,train
461,CHEMBL3698120,CC(C)Nc1nc(-c2ccc(N3CCC(CO)C3)c(S(C)(=O)=O)c2)cc2ncn(C)c(=O)c12,194.0,nM,=,IC50,6.71,6.7121982700697735,0,train
681,CHEMBL3701599,COc1ccc(-c2cc3ncn(C)c(=O)c3c(NOCc3ccccn3)n2)cc1OC,158.0,nM,=,IC50,6.8,6.801342913045577,1,train
625,CHEMBL3701542,CCNc1nc(-c2ccc(S(=O)(=O)CCN3CCN(CC)CC3)cc2)cc2ncn(C)c(=O)c12,689.0,nM,=,IC50,6.16,6.161780778092374,0,test
158,CHEMBL3641398,CN1CCN(c2ccc(-c3cc4ncn(C)c(=O)c4c(N4CCCC(C(N)=O)C4)n3)cc2)CC1,436.0,nM,=,IC50,6.36,6.360513510731414,0,train
82,CHEMBL3641322,COCCNc1nc(-c2ccc(C3CCNCC3)cc2)cc2ncn(C)c(=O)c12,32.0,nM,=,IC50,7.5,7.494850021680094,1,train
560,CHEMBL3701477,CC(C)Nc1nc(-c2cccc(S(=O)(=O)NCCO)c2)cc2ncn(C)c(=O)c12,118.0,nM,=,IC50,6.93,6.928117992693875,1,train
173,CHEMBL3641413,CCN1CCC(c2ccc(-c3cc4ncn(C)c(=O)c4c(N[C@@H]4CCOC4)n3)cc2)CC1,49.0,nM,=,IC50,7.31,7.309803919971486,1,train
24,CHEMBL3641264,COC(=O)c1cccc2c1CCN(c1nc(-c3ccc(C(C)(C)O)nc3)cc3ncn(C)c(=O)c13)C2,959.0,nM,=,IC50,6.02,6.018181392829336,0,test
452,CHEMBL3698111,CN1CCC(Nc2ccc(-c3cc4ncn(C)c(=O)c4c(NCCCO)n3)cc2S(C)(=O)=O)CC1,64.0,nM,=,IC50,7.19,7.1938200260161125,1,train
5,CHEMBL3640004,Cn1cnc2cc(-c3ccc(N4CCC[C@H]4CO)c(S(C)(=O)=O)c3)nc(N3CC[C@H](CO)C3)c2c1=O,162.0,nM,=,IC50,6.79,6.790484985457369,0,train
103,CHEMBL3641343,Cn1cnc2cc(-c3ccc(N4CCOCC4)cc3)nc(N3CCC(=O)N3)c2c1=O,2502.0,nM,=,IC50,5.6,5.601712694642599,0,train
19,CHEMBL3641259,Cn1cnc2cc(-c3ccc(C(C)(C)O)nc3)nc(NCC(O)CO)c2c1=O,464.0,nM,=,IC50,6.33,6.333482019445119,0,train
594,CHEMBL3701511,CC(C)Nc1nc(-c2ccc(CCN3CCCC3)cc2)cc2ncn(C)c(=O)c12,101.0,nM,=,IC50,7.0,6.995678626217358,1,test
256,CHEMBL3643533,Cn1cnc2cc(-c3ccc(N4CCOCC4)cc3)nc(OCCc3cn[nH]c3C(F)(F)F)c2c1=O,358.0,nM,=,IC50,6.45,6.446116973356125,0,train
197,CHEMBL3641438,Cn1cnc2cc(-c3ccc(N4CCOCC4)cc3)nc(N[C@@H]3CC[C@H](O)C3)c2c1=O,64.0,nM,=,IC50,7.19,7.1938200260161125,1,test
176,CHEMBL3641416,CCNCC(=O)N1CCN(c2ccc(-c3cc4ncn(C)c(=O)c4c(NC(C)C)n3)cc2)CC1,45.0,nM,=,IC50,7.35,7.346787486224656,1,train
617,CHEMBL3701534,CCN1CCC(c2ccc(-c3cc4ncn(C)c(=O)c4c(NC(C)C)n3)cc2C)CC1,176.0,nM,=,IC50,6.75,6.7544873321858505,0,train
195,CHEMBL3641436,Cn1cnc2cc(-c3ccc(N4CCOCC4)cc3)nc(N[C@H]3CC[C@H](O)C3)c2c1=O,151.0,nM,=,IC50,6.82,6.82102305270683,1,train
212,CHEMBL3641453,CC(C)Nc1nc(-c2ccc(S(C)(=O)=O)cc2)cc2ncn(C)c(=O)c12,216.0,nM,=,IC50,6.67,6.665546248849069,0,train
132,CHEMBL3641372,Cn1cnc2cc(-c3ccc(C(C)(C)O)nc3)nc(N3CC[C@@H](CO)C3)c2c1=O,800.0,nM,=,IC50,6.1,6.096910013008056,0,train
698,CHEMBL3701616,CC[C@H](CO)Nc1nc(-c2ccc(C(C)(C)O)nc2)cc2ncn(C)c(=O)c12,438.0,nM,=,IC50,6.36,6.3585258894959,0,train
282,CHEMBL3643559,C[C@@H](O)C1CCN(c2nc(-c3ccc(N4CCN(C)CC4)cc3)cc3ncn(C)c(=O)c23)C1,331.0,nM,=,IC50,6.48,6.480172006224281,0,train
311,CHEMBL3643588,CC(C)Nc1nc(-c2ccc([C@@H](C)N)cc2)cc2ncn(C)c(=O)c12,179.0,nM,=,IC50,6.75,6.747146969020107,0,train
93,CHEMBL3641333,Cn1cnc2cc(-c3ccc(N4CCOCC4)cc3)nc(N[C@@H]3CCNC3)c2c1=O,116.0,nM,=,IC50,6.94,6.935542010773082,1,train
387,CHEMBL3698046,Cn1cnc2cc(-c3ccc(OCCN4CCCC4)cc3)nc(NC3CC3)c2c1=O,140.0,nM,=,IC50,6.85,6.853871964321762,1,train
447,CHEMBL3698106,CNc1ccc(-c2cc3ncn(C)c(=O)c3c(N[C@@H]3CCOC3)n2)cc1S(C)(=O)=O,21.0,nM,=,IC50,7.68,7.6777807052660805,1,train
676,CHEMBL3701593,Cn1cnc2cc(-c3cnc(N)c(N)c3)nc(NC3CC3)c2c1=O,198.0,nM,=,IC50,6.7,6.703334809738469,0,train
190,CHEMBL3641430,Cn1cnc2cc(-c3ccc(N4CCOCC4)c(F)c3)nc(N3CC[C@H](CO)C3)c2c1=O,401.0,nM,=,IC50,6.4,6.396855627379818,0,train
18,CHEMBL3641258,Cn1cnc2cc(-c3ccc(C(C)(C)O)nc3)nc(NCc3ccoc3)c2c1=O,1051.0,nM,=,IC50,5.98,5.978397283971757,0,train
209,CHEMBL3641450,CSC[C@H]1CCN(c2nc(-c3ccc(N4CCN(C)CC4)cc3)cc3ncn(C)c(=O)c23)C1,1991.0,nM,=,IC50,5.7,5.70092873997259,0,train
454,CHEMBL3698113,CN1CCC(Nc2ccc(-c3cc4ncn(C)c(=O)c4c(N[C@@H]4CCOC4)n3)cc2S(C)(=O)=O)CC1,11.0,nM,=,IC50,7.96,7.958607314841775,1,test
635,CHEMBL3701552,CCNc1nc(-c2ccc(N[C@@H](C)CO)c(S(C)(=O)=O)c2)cc2ncn(C)c(=O)c12,132.0,nM,=,IC50,6.88,6.87942606879415,1,train
499,CHEMBL3698158,CCNc1nc(-c2ccc(C3CCN(CC)CC3)c(F)c2)cc2ncn(C)c(=O)c12,112.0,nM,=,IC50,6.95,6.950781977329818,1,train
661,CHEMBL3701578,CC(C)Nc1nc(-c2ccc(N3CCC[C@@H]3CO)c(S(C)(=O)=O)c2)cc2ncn(C)c(=O)c12,240.0,nM,=,IC50,6.62,6.619788758288394,0,test
583,CHEMBL3701500,COCCNc1ccc(-c2cc3ncn(C)c(=O)c3c(NC3CC3)n2)cn1,210.0,nM,=,IC50,6.68,6.6777807052660805,0,train
215,CHEMBL3641456,COCCNc1nc(-c2ccc(O)c(NC=O)c2)cc2ncn(C)c(=O)c12,174.0,nM,=,IC50,6.76,6.7594507517174005,0,test
689,CHEMBL3701607,Cn1cnc2cc(-c3cnc4nc[nH]c4c3)nc(NC3CC3)c2c1=O,231.0,nM,=,IC50,6.64,6.636388020107856,0,train
533,CHEMBL3701450,COCc1ccc(-c2cc3ncn(C)c(=O)c3c(NC3CC3)n2)cc1,422.0,nM,=,IC50,6.38,6.374687549038326,0,train
551,CHEMBL3701468,Cc1ccc(-c2cc3ncn(C)c(=O)c3c(NC(C)C)n2)cn1,483.0,nM,=,IC50,6.32,6.316052869248487,0,train
218,CHEMBL3641459,Cn1cnc2nc(-c3ccc(N4CCOCC4)cc3)nc(Nc3nc(CO)cs3)c2c1=O,187.0,nM,=,IC50,6.73,6.728158393463501,0,train
597,CHEMBL3701514,CN1CCC(NCCc2ccc(-c3cc4ncn(C)c(=O)c4c(NC4CC4)n3)cc2)CC1,146.0,nM,=,IC50,6.84,6.835647144215563,1,train
627,CHEMBL3701544,CCN1CCN(CCS(=O)(=O)c2ccc(-c3cc4ncn(C)c(=O)c4c(NCCCO)n3)cc2)CC1,694.0,nM,=,IC50,6.16,6.158640529545145,0,test
366,CHEMBL3643643,Cn1cnc2cc(-c3ccc(C4(N)CC4)nc3)nc(N[C@@H]3CCCO3)c2c1=O,338.0,nM,=,IC50,6.47,6.471083299722345,0,train
643,CHEMBL3701560,C[C@@H](O)CNc1ccc(-c2cc3ncn(C)c(=O)c3c(NC3CC3)n2)cc1S(C)(=O)=O,168.0,nM,=,IC50,6.78,6.774690718274137,0,train
58,CHEMBL3641298,COCCNc1nc(-c2ccc(N3CCOCC3)cc2)cc2ncn(C)c(=O)c12,48.0,nM,=,IC50,7.32,7.318758762624412,1,train
86,CHEMBL3641326,COCCNc1nc(-c2ccc(NCCN3CCOCC3)nc2)cc2ncn(C)c(=O)c12,53.0,nM,=,IC50,7.28,7.275724130399211,1,train
88,CHEMBL3641328,Cn1cnc2cc(-c3ccc(N4CCOCC4)cc3)nc(N[C@H]3CCOC3)c2c1=O,216.0,nM,=,IC50,6.67,6.665546248849069,0,train
80,CHEMBL3641320,CN(C)CCNc1nc(-c2ccc(N3CCOCC3)cc2)cc2ncn(C)c(=O)c12,687.0,nM,=,IC50,6.16,6.16304326294045,0,train
83,CHEMBL3641323,COCCNc1nc(-c2ccc(F)nc2)cc2ncn(C)c(=O)c12,430.0,nM,=,IC50,6.37,6.366531544420414,0,train
520,CHEMBL3701436,CC(C)Nc1nc(-c2ccc3c(c2)OC(C)(C)C(=O)N3)cc2ncn(C)c(=O)c12,2472.0,nM,=,IC50,5.61,5.606951533583222,0,train
424,CHEMBL3698083,CC(C)Nc1nc(-c2ccc(S(=O)(=O)C(C)C)cc2)cc2ncn(C)c(=O)c12,1103.0,nM,=,IC50,5.96,5.957424487559809,0,train
639,CHEMBL3701556,COCCNc1nc(-c2ccc(NC[C@H](C)O)c(S(C)(=O)=O)c2)cc2ncn(C)c(=O)c12,194.0,nM,=,IC50,6.71,6.7121982700697735,0,train
398,CHEMBL3698057,CC(C)CCn1cc(-c2cc3ncn(C)c(=O)c3c(NC(C)C)n2)cn1,595.0,nM,=,IC50,6.22,6.22548303427145,0,train
401,CHEMBL3698060,COCCn1cc(-c2cc3ncn(C)c(=O)c3c(NC(C)C)n2)cn1,136.0,nM,=,IC50,6.87,6.866461091629782,1,train
211,CHEMBL3641452,CCNS(=O)(=O)c1cccc(-c2cc3ncn(C)c(=O)c3c(NC(C)C)n2)c1,417.0,nM,=,IC50,6.38,6.379863945026242,0,train
692,CHEMBL3701610,COCCOc1nc(-c2ccc(C(C)(C)O)nc2)cc2ncn(C)c(=O)c12,1096.0,nM,=,IC50,5.96,5.96018944585165,0,train
287,CHEMBL3643564,Cn1cnc2cc(-c3ccc(N4CCOCC4)cc3)nc(N3CCC(F)(CO)C3)c2c1=O,232.0,nM,=,IC50,6.63,6.634512015109101,0,train
324,CHEMBL3643601,CN1CCS(=O)(=O)c2cc(-c3cc4ncn(C)c(=O)c4c(N4CC[C@H](CO)C4)n3)ccc21,102.0,nM,=,IC50,6.99,6.991399828238082,1,train
76,CHEMBL3641316,Cn1cnc2cc(-c3ccc(N4CCOCC4)cc3)nc(NCC3CCOCC3)c2c1=O,553.0,nM,=,IC50,6.26,6.257274868695301,0,train
354,CHEMBL3643631,CC(C)Nc1nc(-c2ccc3c(c2)C(=O)C(=O)N3C)cc2ncn(C)c(=O)c12,396.0,nM,=,IC50,6.4,6.402304814074488,0,train
44,CHEMBL3641284,CC(O)C1CCN(c2nc(-c3ccc(N4CCN(C)CC4)cc3)cc3ncn(C)c(=O)c23)C1,616.0,nM,=,IC50,6.21,6.210419287835575,0,train
577,CHEMBL3701494,CCS(=O)(=O)c1ccc(-c2cc3ncn(C)c(=O)c3c(NC3CC3)n2)cc1,761.0,nM,=,IC50,6.12,6.118615343229427,0,train
171,CHEMBL3641411,CCN1CCC(c2ccc(-c3cc4ncn(C)c(=O)c4c(NCCO)n3)cc2)CC1,114.0,nM,=,IC50,6.94,6.943095148663527,1,train
166,CHEMBL3641406,CCN1CCN(c2ccc(-c3cc4ncn(C)c(=O)c4c(N[C@@H]4CCOC4)n3)cc2)CC1,36.0,nM,=,IC50,7.44,7.443697499232712,1,test
448,CHEMBL3698107,CNc1ccc(-c2cc3ncn(C)c(=O)c3c(N3CC[C@H](CO)C3)n2)cc1S(C)(=O)=O,126.0,nM,=,IC50,6.9,6.899629454882437,1,train
66,CHEMBL3641306,COCC(C)Nc1nc(-c2ccc(N3CCOCC3)cc2)cc2ncn(C)c(=O)c12,233.0,nM,=,IC50,6.63,6.632644078973981,0,test
253,CHEMBL3643530,Cn1cnc2cc(-c3ccc(N4CCOCC4)cc3)nc(OCCO)c2c1=O,156.0,nM,=,IC50,6.81,6.806875401645538,1,train
181,CHEMBL3641421,C[C@@H]1CN(c2ccc(-c3cc4ncn(C)c(=O)c4c(N4CC[C@H](CO)C4)n3)cc2)CCO1,147.0,nM,=,IC50,6.83,6.8326826652518236,1,train
484,CHEMBL3698143,COCCNc1nc(-c2ccc(S(=O)(=O)CCN3CCOCC3)cc2)cc2ncn(C)c(=O)c12,160.0,nM,=,IC50,6.8,6.795880017344075,0,train
224,CHEMBL3641465,Cn1cnc2cc(-c3ccc(N4CCOCC4)cc3)nc(N[C@H]3CC[C@H](N)CC3)c2c1=O,912.0,nM,=,IC50,6.04,6.0400051616715835,0,train
142,CHEMBL3641382,C[C@H](CO)Nc1nc(-c2ccc(N3CCOCC3)cc2)cc2ncn(C)c(=O)c12,57.0,nM,=,IC50,7.24,7.2441251443275085,1,train
550,CHEMBL3701467,Cn1cnc2cc(-c3ccc(N4CCCCC4)nc3)nc(NC3CC3)c2c1=O,417.0,nM,=,IC50,6.38,6.379863945026242,0,train
656,CHEMBL3701573,C[C@@H](O)CNc1ccc(-c2cc3ncn(C)c(=O)c3c(N[C@@H]3CCOC3)n2)cc1S(C)(=O)=O,45.0,nM,=,IC50,7.35,7.346787486224656,1,train
315,CHEMBL3643592,CC(C)Nc1nc(-c2ccc([C@H](C)N)cc2)cc2ncn(C)c(=O)c12,181.0,nM,=,IC50,6.74,6.7423214251308154,0,train
238,CHEMBL3643515,Cn1cnc2cc(-c3ccc(N4CCOCC4)cc3)nc(-c3cc(CO)co3)c2c1=O,572.0,nM,=,IC50,6.24,6.242603971206976,0,train
569,CHEMBL3701486,CNS(=O)(=O)c1ccc(-c2cc3ncn(C)c(=O)c3c(NC3CC3)n2)cc1,543.0,nM,=,IC50,6.26,6.265200170411153,0,train
603,CHEMBL3701520,CCOc1ccc(-c2cc3ncn(C)c(=O)c3c(NC3CC3)n2)cn1,1372.0,nM,=,IC50,5.86,5.862645888629267,0,train
87,CHEMBL3641327,Cn1cnc2cc(-c3ccc(N4CCOCC4)cc3)nc(N[C@@H]3CCOC3)c2c1=O,51.0,nM,=,IC50,7.29,7.292429823902063,1,train
290,CHEMBL3643567,CC(C)Nc1nc(-c2cccnc2N)cc2ncn(C)c(=O)c12,126.0,nM,=,IC50,6.9,6.899629454882437,1,train
249,CHEMBL3643526,Cn1cnc2cc(-c3ccc(N4CCOCC4)cc3)nc(OCCN)c2c1=O,286.0,nM,=,IC50,6.54,6.543633966870957,0,train
432,CHEMBL3698091,CCN1CCN(c2cc(-c3cc4ncn(C)c(=O)c4c(NC(C)C)n3)ccc2S(C)(=O)=O)CC1,304.0,nM,=,IC50,6.52,6.517126416391246,0,test
646,CHEMBL3701563,C[C@@H](CO)Nc1ccc(-c2cc3ncn(C)c(=O)c3c(NC3CC3)n2)cc1S(C)(=O)=O,875.0,nM,=,IC50,6.06,6.057991946977687,0,train
568,CHEMBL3701485,CC(C)Nc1nc(-c2ccc(CN3CCOCC3)cc2)cc2ncn(C)c(=O)c12,626.0,nM,=,IC50,6.2,6.20342566678957,0,train
240,CHEMBL3643517,Cn1cnc2cc(-c3ccc(N4CCN(C5CC5)CC4)cc3)nc(N3CC[C@H](CCO)C3)c2c1=O,96.2,nM,=,IC50,7.02,7.016824927962187,1,train
179,CHEMBL3641419,CCN1CC(c2ccc(-c3cc4ncn(C)c(=O)c4c(N[C@@H]4CCOC4)n3)cc2)C1,105.0,nM,=,IC50,6.98,6.978810700930062,1,train
620,CHEMBL3701537,CCNc1nc(-c2ccc(C3CCN(CC)CC3)nc2)cc2ncn(C)c(=O)c12,925.0,nM,=,IC50,6.03,6.0338582672609675,0,train
455,CHEMBL3698114,Cn1cnc2cc(-c3ccc(N4CC[C@@H](O)C4)c(S(C)(=O)=O)c3)nc(NC3CC3)c2c1=O,123.0,nM,=,IC50,6.91,6.910094888560602,1,test
598,CHEMBL3701515,CC(C)Nc1nc(-c2ccc(CCNC3CCN(C)CC3)cc2)cc2ncn(C)c(=O)c12,177.0,nM,=,IC50,6.75,6.752026733638194,0,train
563,CHEMBL3701480,Cn1cnc2cc(-c3ccc(N4CCOCC4)cc3)nc(NC3CC3)c2c1=O,145.0,nM,=,IC50,6.84,6.838631997765025,1,train
302,CHEMBL3643579,Cn1cnc2cc(-c3ccc(C(=N)NO)cc3)nc(N[C@@H]3CCOC3)c2c1=O,149.0,nM,=,IC50,6.83,6.826813731587726,1,train
544,CHEMBL3701461,COc1cncc(-c2cc3ncn(C)c(=O)c3c(NC3CC3)n2)c1,1236.0,nM,=,IC50,5.91,5.907981529247203,0,train
161,CHEMBL3641401,CN1CCN(c2ccc(-c3cc4ncn(C)c(=O)c4c(N4CC[C@H](COS(N)(=O)=O)C4)n3)cc2)CC1,257.0,nM,=,IC50,6.59,6.590066876668706,0,train
624,CHEMBL3701541,Cn1cnc2cc(-c3ccc(S(=O)(=O)CCN4CCOCC4)cc3)nc(N3CC[C@H](CO)C3)c2c1=O,83.0,nM,=,IC50,7.08,7.080921907623926,1,train
60,CHEMBL3641300,Cn1cnc2cc(-c3ccc(C(C)(C)O)nc3)nc(Nc3nccs3)c2c1=O,382.0,nM,=,IC50,6.42,6.4179366370882915,0,test
492,CHEMBL3698151,Cn1cnc2cc(-c3ccc(C(C)(C)N)cc3)nc(NC3CC3)c2c1=O,128.0,nM,=,IC50,6.89,6.892790030352131,1,train
463,CHEMBL3698122,Cn1cnc2cc(-c3ccc(N4CCCC4=O)cc3)nc(NC3CC3)c2c1=O,646.0,nM,=,IC50,6.19,6.189767482004916,0,train
49,CHEMBL3641289,CN1CCN(c2ccc(-c3cc4ncn(C)c(=O)c4c(N4C[C@@H](CO)[C@@H](O)C4)n3)cc2)CC1,598.0,nM,=,IC50,6.22,6.223298816011589,0,train
701,CHEMBL3701619,Cn1cnc2cc(-c3ccc(C(C)(C)O)nc3)nc(Nc3cccc(C#N)c3)c2c1=O,1280.0,nM,=,IC50,5.89,5.892790030352131,0,train
284,CHEMBL3643561,Cn1cnc2cc(-c3ccc(N4CCOCC4)cc3)nc(N3CCC(O)(CO)C3)c2c1=O,326.0,nM,=,IC50,6.49,6.486782399932061,0,train
462,CHEMBL3698121,Cn1cnc2cc(-c3ccc(N4CCC(CO)C4)c(S(C)(=O)=O)c3)nc(NC3CC3)c2c1=O,245.0,nM,=,IC50,6.61,6.610833915635467,0,train
0,CHEMBL3639401,COCCNc1nc(-c2ccc3c(c2)OCCO3)cc2ncn(C)c(=O)c12,384.0,nM,=,IC50,6.42,6.4156687756324695,0,train
170,CHEMBL3641410,CCN1CCC(c2ccc(-c3cc4ncn(C)c(=O)c4c(NC(C)C)n3)cc2)CC1,97.0,nM,=,IC50,7.01,7.013228265733755,1,train
629,CHEMBL3701546,Cn1cnc2cc(-c3ccc(C(C)(C)N)nc3)nc(NC3CC3)c2c1=O,460.0,nM,=,IC50,6.34,6.337242168318426,0,train
4,CHEMBL3640003,Cn1cnc2cc(-c3ccc(C4(O)CC4)cc3)nc(NC3CC3)c2c1=O,231.0,nM,=,IC50,6.64,6.636388020107856,0,train
657,CHEMBL3701574,CNc1ccc(-c2cc3ncn(C)c(=O)c3c(NC(C)C)n2)cc1,927.0,nM,=,IC50,6.03,6.032920265855503,0,train
199,CHEMBL3641440,Cn1cnc2cc(-c3ccc(N4CCOCC4)cc3)nc(N3CC[C@@H](O)C3)c2c1=O,296.0,nM,=,IC50,6.53,6.528708288941061,0,train
332,CHEMBL3643609,C[C@H](NS(C)(=O)=O)c1ccc(-c2cc3ncn(C)c(=O)c3c(N3CC[C@H](CO)C3)n2)cc1,221.0,nM,=,IC50,6.66,6.655607726314889,0,train
651,CHEMBL3701568,C[C@H](O)CNc1ccc(-c2cc3ncn(C)c(=O)c3c(NCCCO)n2)cc1S(C)(=O)=O,162.0,nM,=,IC50,6.79,6.790484985457369,0,train
280,CHEMBL3643557,CC(C)Nc1nc(-c2ccc3c(c2)CCN3C)cc2ncn(C)c(=O)c12,1451.0,nM,=,IC50,5.84,5.838332587562264,0,train
480,CHEMBL3698139,CCNc1nc(-c2ccc(C3(O)CCC3)cc2)cc2ncn(C)c(=O)c12,271.0,nM,=,IC50,6.57,6.567030709125595,0,train
475,CHEMBL3698134,COc1ccc(-c2cc3ncn(C)c(=O)c3c(NC3CC3)n2)cc1S(=O)(=O)N1CCOCC1,337.0,nM,=,IC50,6.47,6.4723700991286615,0,train
609,CHEMBL3701526,CN(C)CCS(=O)(=O)c1ccc(-c2cc3ncn(C)c(=O)c3c(NC3CC3)n2)cc1,281.0,nM,=,IC50,6.55,6.55129368009492,0,train
371,CHEMBL3698030,COCCNc1ccc(-c2cc3ncn(C)c(=O)c3c(NC3CC3)n2)cc1S(C)(=O)=O,167.0,nM,=,IC50,6.78,6.777283528852417,0,test
493,CHEMBL3698152,COCCNc1nc(-c2ccc(C3CCN(C)CC3)c(F)c2)cc2ncn(C)c(=O)c12,141.0,nM,=,IC50,6.85,6.85078088734462,1,train
307,CHEMBL3643584,CN(C)c1ccc(-c2cc3ncn(C)c(=O)c3c(N3CC[C@H](CO)C3)n2)cc1,147.0,nM,=,IC50,6.83,6.8326826652518236,1,train
649,CHEMBL3701566,COCCNc1nc(-c2ccc(N[C@H](C)CO)c(S(C)(=O)=O)c2)cc2ncn(C)c(=O)c12,277.0,nM,=,IC50,6.56,6.557520230935552,0,train
666,CHEMBL3701583,COCCNc1nc(-c2ccc(N3CCC[C@H]3CO)c(S(C)(=O)=O)c2)cc2ncn(C)c(=O)c12,64.0,nM,=,IC50,7.19,7.1938200260161125,1,test
149,CHEMBL3641389,CN1CCN(c2ccc(-c3cc4ncn(C)c(=O)c4c(N4CC[C@@H](O)C4)n3)cc2)CC1,200.0,nM,=,IC50,6.7,6.698970004336019,0,train
553,CHEMBL3701470,CC(C)Nc1nc(-c2ccc(CO)cc2)cc2ncn(C)c(=O)c12,215.0,nM,=,IC50,6.67,6.667561540084395,0,train
422,CHEMBL3698081,CC(C)Nc1nc(-c2ccc(OCCN3CCCC3)c(S(C)(=O)=O)c2)cc2ncn(C)c(=O)c12,65.0,nM,=,IC50,7.19,7.187086643357144,1,train
91,CHEMBL3641331,CN(C)CC(=O)N1CC[C@@H](Nc2nc(-c3ccc(N4CCOCC4)cc3)cc3ncn(C)c(=O)c23)C1,3947.0,nM,=,IC50,5.4,5.4037328736044845,0,train
707,CHEMBL3701625,C[C@H](Nc1nc(-c2ccc(C(C)(C)O)nc2)cc2ncn(C)c(=O)c12)c1ccccc1,4464.0,nM,=,IC50,5.35,5.350275814070478,0,train
412,CHEMBL3698071,CC(C)Nc1nc(-c2ccc(C(C)(C)C#N)cc2)cc2ncn(C)c(=O)c12,820.0,nM,=,IC50,6.09,6.086186147616283,0,train
554,CHEMBL3701471,COc1ccc(-c2cc3ncn(C)c(=O)c3c(NC(C)C)n2)cn1,739.0,nM,=,IC50,6.13,6.131355561605174,0,train
184,CHEMBL3641424,Cn1cnc2cc(-c3ccc(N4CCN(C5CC5)CC4)cc3)nc(N3CC[C@H](CO)C3)c2c1=O,81.0,nM,=,IC50,7.09,7.0915149811213505,1,train
6,CHEMBL3641246,COC(=O)CCCNc1nc(-c2ccc(C(C)(C)O)nc2)cc2ncn(C)c(=O)c12,1803.0,nM,=,IC50,5.74,5.744004273277598,0,train
234,CHEMBL3643511,CO/N=C1/CCN(c2nc(-c3ccc(N4CCOCC4)cc3)cc3ncn(C)c(=O)c23)C1,475.0,nM,=,IC50,6.32,6.323306390375134,0,train
198,CHEMBL3641439,Cn1cnc2cc(-c3ccc(N4CCOCC4)cc3)nc(N[C@H]3CC[C@@H](O)C3)c2c1=O,106.0,nM,=,IC50,6.97,6.97469413473523,1,train
194,CHEMBL3641435,CCN1CCN(c2ccc(-c3cc4ncn(C)c(=O)c4c(N4CC[C@H](CO)C4)n3)cc2F)CC1,179.0,nM,=,IC50,6.75,6.747146969020107,0,train
110,CHEMBL3641350,CN1CCN(c2ccc(-c3cc4ncn(C)c(=O)c4c(N[C@@H]4CCOC4)n3)cc2)CC1,28.0,nM,=,IC50,7.55,7.552841968657781,1,train
112,CHEMBL3641352,CC(C)Nc1nc(-c2ccc(N3CCN(C)CC3)cc2)cc2ncn(C)c(=O)c12,51.0,nM,=,IC50,7.29,7.292429823902063,1,train
61,CHEMBL3641301,Cn1cnc2cc(-c3ccc(N4CCOCC4)cc3)nc(Nc3nccs3)c2c1=O,387.0,nM,=,IC50,6.41,6.412289034981089,0,train
697,CHEMBL3701615,COC(=O)N[C@@H](C)CNc1nc(-c2ccc(OC)c(OC)c2)cc2ncn(C)c(=O)c12,709.0,nM,=,IC50,6.15,6.149353764816934,0,train
596,CHEMBL3701513,COCCNCCc1ccc(-c2cc3ncn(C)c(=O)c3c(NC(C)C)n2)cc1,135.0,nM,=,IC50,6.87,6.8696662315049934,1,train
385,CHEMBL3698044,Cn1cnc2cc(-c3ccc(OCCN4CCOCC4)cc3)nc(NC3CC3)c2c1=O,273.0,nM,=,IC50,6.56,6.5638373529592435,0,train
636,CHEMBL3701553,CC(C)Nc1nc(-c2ccc(N[C@@H](C)CO)c(S(C)(=O)=O)c2)cc2ncn(C)c(=O)c12,564.0,nM,=,IC50,6.25,6.248720896016658,0,train
102,CHEMBL3641342,Cn1cnc2cc(-c3ccc(N4CCOCC4)cc3)nc(NCC3OCCO3)c2c1=O,432.0,nM,=,IC50,6.37,6.364516253185088,0,train
588,CHEMBL3701505,Cn1cnc2cc(-c3ccc(CCN4CCOCC4)cc3)nc(NC3CC3)c2c1=O,230.0,nM,=,IC50,6.64,6.638272163982407,0,train
74,CHEMBL3641314,Cn1cnc2cc(-c3ccc(N4CCOCC4)cc3)nc(NCCc3ccncc3)c2c1=O,496.0,nM,=,IC50,6.3,6.304518323509803,0,train
101,CHEMBL3641341,Cc1cc(CNc2nc(-c3ccc(N4CCOCC4)cc3)cc3ncn(C)c(=O)c23)no1,697.0,nM,=,IC50,6.16,6.15676722190199,0,train
600,CHEMBL3701517,C[C@@H]1CN(CCc2ccc(-c3cc4ncn(C)c(=O)c4c(NC4CC4)n3)cc2)CCO1,403.0,nM,=,IC50,6.39,6.394694953858891,0,train
46,CHEMBL3641286,Cn1cnc2cc(-c3ccc(OC[C@H]4CCCN4)cc3)nc(N3CC[C@H](CO)C3)c2c1=O,274.0,nM,=,IC50,6.56,6.562249437179612,0,train
509,CHEMBL3701425,COCC(=O)NCCNc1nc(-c2ccc(C(C)(C)O)nc2)cc2ncn(C)c(=O)c12,86.0,nM,=,IC50,7.07,7.0655015487564325,1,test
587,CHEMBL3701504,CCS(=O)(=O)c1ccc(-c2cc3ncn(C)c(=O)c3c(NC(C)C)n2)cc1,685.0,nM,=,IC50,6.16,6.164309428507575,0,train
248,CHEMBL3643525,Cn1cnc2cc(-c3ccc(N4CCOCC4)cc3)nc(OCCc3cnn[nH]3)c2c1=O,47.2,nM,=,IC50,7.33,7.3260580013659125,1,test
98,CHEMBL3641338,Cc1csc(Nc2nc(-c3ccc(N4CCOCC4)cc3)cc3ncn(C)c(=O)c23)n1,600.0,nM,=,IC50,6.22,6.221848749616356,0,train
713,CHEMBL3701631,Cn1cnc2cc(-c3ccc(C(C)(C)O)nc3)nc(N[C@@H]3CCNC3)c2c1=O,1598.0,nM,=,IC50,5.8,5.796423225022028,0,train
433,CHEMBL3698092,Cn1cnc2cc(-c3ccc(S(C)(=O)=O)c(NCCN4CCOCC4)c3)nc(NC3CC3)c2c1=O,643.0,nM,=,IC50,6.19,6.191789027075778,0,test
310,CHEMBL3643587,Cn1cnc2cc(-c3ccc(CN)cc3)nc(N[C@@H]3CCOC3)c2c1=O,190.0,nM,=,IC50,6.72,6.721246399047171,0,train
206,CHEMBL3641447,CC(C)Nc1nc(-c2ccc(N3CCOCC3)cc2)cc2ncn(CCF)c(=O)c12,4586.0,nM,=,IC50,5.34,5.33856594960608,0,train
131,CHEMBL3641371,Cn1cnc2cc(-c3ccc(C(C)(C)O)nc3)nc(N3CC[C@@H](O)C3)c2c1=O,658.0,nM,=,IC50,6.18,6.181774106386045,0,test
296,CHEMBL3643573,CC(C)Nc1nc(-c2ccc3c(c2)S(=O)(=O)CC(=O)N3C)cc2ncn(C)c(=O)c12,554.0,nM,=,IC50,6.26,6.2564902352715706,0,train
304,CHEMBL3643581,CN(C)c1ccc(-c2cc3ncn(C)c(=O)c3c(NC3CC3)n2)cc1,194.0,nM,=,IC50,6.71,6.7121982700697735,0,train
139,CHEMBL3641379,CC(C)N1CCN(c2ccc(-c3cc4ncn(C)c(=O)c4c(N4CC[C@H](CO)C4)n3)cc2)CC1,44.0,nM,=,IC50,7.36,7.356547323513812,1,train
157,CHEMBL3641397,CN1CCN(c2ccc(-c3cc4ncn(C)c(=O)c4c(NC4CCCC[C@@H]4CO)n3)cc2)CC1,958.0,nM,=,IC50,6.02,6.018634490921456,0,train
155,CHEMBL3641395,CN1CCN(c2ccc(-c3cc4ncn(C)c(=O)c4c(NC4CCC[C@@H]4CO)n3)cc2)CC1,374.0,nM,=,IC50,6.43,6.42712839779952,0,train
530,CHEMBL3701447,COc1ccc(-c2cc3ncn(C)c(=O)c3c(NC3CC3)n2)cn1,348.0,nM,=,IC50,6.46,6.458420756053419,0,train
235,CHEMBL3643512,Cn1cnc2cc(-c3ccc(N4CCOCC4)cc3)nc(N3CC[C@H](CCO)C3)c2c1=O,76.1,nM,=,IC50,7.12,7.118615343229427,1,train
274,CHEMBL3643551,Cn1cnc2cc(-c3ccc(N4CCOCC4)cc3)nc(NC[C@@H]3CC[C@@H](O)C3)c2c1=O,158.0,nM,=,IC50,6.8,6.801342913045577,1,train
631,CHEMBL3701548,CCNc1nc(-c2ccc(N)c(S(C)(=O)=O)c2)cc2ncn(C)c(=O)c12,496.0,nM,=,IC50,6.3,6.304518323509803,0,train
407,CHEMBL3698066,Cc1ncc(-c2cc3ncn(C)c(=O)c3c(NC(C)C)n2)s1,565.0,nM,=,IC50,6.25,6.247951552180561,0,test
606,CHEMBL3701523,Cn1cnc2cc(-c3ccc(CCN4CCNC(=O)C4)cc3)nc(NC3CC3)c2c1=O,225.0,nM,=,IC50,6.65,6.647817481888637,0,train
125,CHEMBL3641365,Cn1cnc2cc(-c3ccc(N4CCNCC4)cc3)nc(NCCCO)c2c1=O,42.0,nM,=,IC50,7.38,7.376750709602099,1,train
109,CHEMBL3641349,CC(C)Nc1nc(-c2ccc(N3CCNCC3)cc2)cc2ncn(C)c(=O)c12,49.0,nM,=,IC50,7.31,7.309803919971486,1,train
400,CHEMBL3698059,CC(C)Nc1nc(-c2cnn(CC(=O)O)c2)cc2ncn(C)c(=O)c12,159.0,nM,=,IC50,6.8,6.798602875679548,0,test
663,CHEMBL3701580,Cn1cnc2cc(-c3ccc(N4CCC[C@@H]4CO)c(S(C)(=O)=O)c3)nc(N[C@@H]3CCOC3)c2c1=O,48.0,nM,=,IC50,7.32,7.318758762624412,1,test
220,CHEMBL3641461,Cn1cnc2cc(-c3ccc([C@H]4CC[C@H](N5CCOCC5)CC4)cc3)nc(N[C@@H]3CCOC3)c2c1=O,138.0,nM,=,IC50,6.86,6.860120913598763,1,train
340,CHEMBL3643617,CN1CCC(c2ccc(-c3cc4ncn(C)c(=O)c4c(NCCCO)n3)cc2F)CC1,428.0,nM,=,IC50,6.37,6.368556230986828,0,train
57,CHEMBL3641297,Cn1cnc2cc(-c3ccc(N4CCOCC4)cc3)nc(NCc3ccncc3)c2c1=O,305.0,nM,=,IC50,6.52,6.515700160653214,0,train
100,CHEMBL3641340,Cn1cnc2cc(-c3ccc(N4CCOCC4)cc3)nc(NCc3nccs3)c2c1=O,736.0,nM,=,IC50,6.13,6.133122185662501,0,train
107,CHEMBL3641347,Cn1cnc2cc(-c3ccc(C(C)(C)O)nc3)nc(N[C@@H]3CCOC3)c2c1=O,199.0,nM,=,IC50,6.7,6.701146923590294,0,train
410,CHEMBL3698069,CC(C)Nc1nc(-c2cnc(N3CCOCC3)nc2)cc2ncn(C)c(=O)c12,1042.0,nM,=,IC50,5.98,5.9821322810364945,0,train
17,CHEMBL3641257,Cn1cnc2cc(-c3ccc(C(C)(C)O)nc3)nc(N3CCC(CCO)CC3)c2c1=O,1037.0,nM,=,IC50,5.98,5.984221243610959,0,train
55,CHEMBL3641295,Cn1cnc2cc(-c3ccc(N4CCOCC4)cc3)nc(NCC#N)c2c1=O,341.0,nM,=,IC50,6.47,6.467245621007502,0,test
495,CHEMBL3698154,CCNc1nc(-c2ccc(C3CCNCC3)c(F)c2)cc2ncn(C)c(=O)c12,69.0,nM,=,IC50,7.16,7.161150909262744,1,train
438,CHEMBL3698097,CCN1CCN(c2ccc(-c3cc4ncn(C)c(=O)c4c(NCCOC)n3)cc2S(C)(=O)=O)CC1,65.0,nM,=,IC50,7.19,7.187086643357144,1,test
380,CHEMBL3698039,CC(C)Nc1nc(-c2ccc(N3CCO[C@H](C)C3)cc2)cc2ncn(C)c(=O)c12,581.0,nM,=,IC50,6.24,6.235823867609669,0,train
545,CHEMBL3701462,CC(C)Nc1nc(-c2ccc(C#N)nc2)cc2ncn(C)c(=O)c12,2800.0,nM,=,IC50,5.55,5.552841968657781,0,train
518,CHEMBL3701434,COCC(=O)N[C@@H](C)CNc1nc(-c2ccc(C(C)(C)O)nc2)cc2ncn(C)c(=O)c12,182.0,nM,=,IC50,6.74,6.739928612014925,0,train
538,CHEMBL3701455,CC(C)Nc1nc(-c2ccc(N3CCCC3)nc2)cc2ncn(C)c(=O)c12,621.0,nM,=,IC50,6.21,6.20690839982342,0,train
291,CHEMBL3643568,CC(C)(C)Nc1nc(-c2cnc(N)nc2)cc2ncn(CCO)c(=O)c12,525.0,nM,=,IC50,6.28,6.279840696594043,0,train
16,CHEMBL3641256,Cn1cnc2cc(-c3ccc(C(C)(C)O)nc3)nc(N3CCCC(CO)C3)c2c1=O,313.0,nM,=,IC50,6.5,6.504455662453552,0,train
704,CHEMBL3701622,Cn1cnc2cc(-c3ccc(C(C)(C)O)nc3)nc(NC3CCOCC3)c2c1=O,1437.0,nM,=,IC50,5.84,5.842543231865775,0,train
81,CHEMBL3641321,COCCNc1nc(-c2ccc(C3CCN(C(=O)OC(C)(C)C)CC3)cc2)cc2ncn(C)c(=O)c12,942.0,nM,=,IC50,6.03,6.025949097207123,0,train
341,CHEMBL3643618,CCN1CCC(c2ccc(-c3cc4ncn(C)c(=O)c4c(N[C@@H]4CCOC4)n3)cc2C)CC1,78.8,nM,=,IC50,7.1,7.103473782510445,1,train
95,CHEMBL3641335,Cn1cnc2cc(-c3ccc(N4CCOCC4)cc3)nc(N[C@H]3CCC[C@@H]3O)c2c1=O,893.0,nM,=,IC50,6.05,6.049148541111453,0,train
414,CHEMBL3698073,Cn1cnc2cc(-c3ccc(NCCN4CCOCC4)c(S(C)(=O)=O)c3)nc(NC3CC3)c2c1=O,94.0,nM,=,IC50,7.03,7.026872146400302,1,train
345,CHEMBL3643622,CCN1CCC(c2ccc(-c3cc4ncn(C)c(=O)c4c(N4CCOC(CO)C4)n3)cc2C)CC1,230.0,nM,=,IC50,6.64,6.638272163982407,0,train
59,CHEMBL3641299,COCCNc1nc(-c2ccc(OC)c(OC)c2)cc2ncn(C)c(=O)c12,71.0,nM,=,IC50,7.15,7.1487416512809245,1,train
294,CHEMBL3643571,Cn1cnc2cc(-c3ccc(N4CC[C@H](O)C4)c(S(C)(=O)=O)c3)nc(N[C@@H]3CCOC3)c2c1=O,53.7,nM,=,IC50,7.27,7.270025714300444,1,train
575,CHEMBL3701492,COc1cncc(-c2cc3ncn(C)c(=O)c3c(NC3CC3)n2)n1,674.0,nM,=,IC50,6.17,6.17134010346468,0,test
420,CHEMBL3698079,COC(=O)c1cn(-c2cc3ncn(C)c(=O)c3c(NC(C)C)n2)cn1,665.0,nM,=,IC50,6.18,6.1771783546968955,0,train
281,CHEMBL3643558,Cn1cnc2cc(-c3ccc(N4CCOCC4)cc3)nc(NCc3cnn[nH]3)c2c1=O,37.2,nM,=,IC50,7.43,7.429457060118103,1,train
257,CHEMBL3643534,CC(C)Nc1nc(-c2ccc(N3CCC(N4CCCC4)CC3)cc2)cc2ncn(C)c(=O)c12,55.0,nM,=,IC50,7.26,7.259637310505756,1,train
647,CHEMBL3701564,C[C@H](O)CNc1ccc(-c2cc3ncn(C)c(=O)c3c(NC3CC3)n2)cc1S(C)(=O)=O,168.0,nM,=,IC50,6.78,6.774690718274137,0,test
528,CHEMBL3701445,CC(C)Nc1nc(-c2ccc(S(N)(=O)=O)cc2)cc2ncn(C)c(=O)c12,422.0,nM,=,IC50,6.38,6.374687549038326,0,train
42,CHEMBL3641282,CN1CCN(c2ccc(-c3cc4ncn(C)c(=O)c4c(N4CC[C@@H](N)C4)n3)cc2)CC1,518.0,nM,=,IC50,6.29,6.285670240254767,0,test
239,CHEMBL3643516,CN1CCN(c2ccc(-c3cc4ncn(C)c(=O)c4c(N4CC[C@H](CCO)C4)n3)cc2)CC1,50.9,nM,=,IC50,7.29,7.293282217663242,1,train
408,CHEMBL3698067,Cc1cn(-c2cc3ncn(C)c(=O)c3c(NC(C)C)n2)cn1,683.0,nM,=,IC50,6.17,6.165579296318468,0,train
630,CHEMBL3701547,CC(C)Nc1nc(-c2ccc(C(C)(C)N)nc2)cc2ncn(C)c(=O)c12,387.0,nM,=,IC50,6.41,6.412289034981089,0,train
52,CHEMBL3641292,CN1CCN(c2ccc(-c3cc4ncn(C)c(=O)c4c(N4CC(CO)C5(C4)OCCO5)n3)cc2)CC1,328.0,nM,=,IC50,6.48,6.484126156288321,0,train
419,CHEMBL3698078,CCN1CCN(c2ccc(-c3cc4ncn(C)c(=O)c4c(NC(C)C)n3)cc2S(C)(=O)=O)CC1,102.0,nM,=,IC50,6.99,6.991399828238082,1,train
259,CHEMBL3643536,Cn1cnc2cc(-c3ccc(N4CCC(N5CCCC5)CC4)cc3)nc(N3CC[C@H](CO)C3)c2c1=O,81.4,nM,=,IC50,7.09,7.089375595110798,1,train
203,CHEMBL3641444,Cn1cnc2cc(-c3ccc(C4CCNCC4)cc3)nc(NCCOC(=O)C(F)(F)F)c2c1=O,371.0,nM,=,IC50,6.43,6.430626090384954,0,test
682,CHEMBL3701600,CCc1ccc(-c2cc3ncn(C)c(=O)c3c(NC(C)C)n2)cc1,5067.0,nM,=,IC50,5.29,5.295249095709329,0,train
696,CHEMBL3701614,COC(=O)N[C@@H](C)CNc1nc(-c2ccc(C(C)(C)O)nc2)cc2ncn(C)c(=O)c12,64.0,nM,=,IC50,7.19,7.1938200260161125,1,test
182,CHEMBL3641422,Cn1cnc2cc(-c3ccc(N4CCN(C(=O)CO)CC4)cc3)nc(N3CC[C@H](CO)C3)c2c1=O,86.0,nM,=,IC50,7.07,7.0655015487564325,1,test
390,CHEMBL3698049,CC(C)Nc1nc(-c2ccc(NC3CCN(C)CC3)c(S(C)(=O)=O)c2)cc2ncn(C)c(=O)c12,27.0,nM,=,IC50,7.57,7.568636235841013,1,train
305,CHEMBL3643582,CN(C)c1ccc(-c2cc3ncn(C)c(=O)c3c(NCCCO)n2)cc1,82.1,nM,=,IC50,7.09,7.085656842880559,1,train
146,CHEMBL3641386,Cn1cnc2cc(-c3ccc(C4CCNCC4)cc3)nc(N3CC[C@@H](CO)C3)c2c1=O,94.0,nM,=,IC50,7.03,7.026872146400302,1,train
7,CHEMBL3641247,Cn1cnc2cc(-c3ccc(C(C)(C)O)nc3)nc(Nc3cc(C(=O)O)ccn3)c2c1=O,215.0,nM,=,IC50,6.67,6.667561540084395,0,train
488,CHEMBL3698147,COCCNc1nc(-c2ccc(C3(O)CCC3)cc2)cc2ncn(C)c(=O)c12,116.0,nM,=,IC50,6.94,6.935542010773082,1,train
242,CHEMBL3643519,COCCNc1nc(-c2cnn(CCO)c2)cc2ncn(C)c(=O)c12,825.0,nM,=,IC50,6.08,6.0835460514500745,0,train
431,CHEMBL3698090,CCN1CCN(c2cc(-c3cc4ncn(C)c(=O)c4c(NC4CC4)n3)ccc2S(C)(=O)=O)CC1,696.0,nM,=,IC50,6.16,6.157390760389438,0,train
11,CHEMBL3641251,Cn1cnc2cc(-c3ccc(C(C)(C)O)nc3)nc(NCCCCO)c2c1=O,290.0,nM,=,IC50,6.54,6.5376020021010435,0,train
22,CHEMBL3641262,Cn1cnc2cc(-c3ccc(C(C)(C)O)nc3)nc(NCc3ccc(S(C)(=O)=O)cc3)c2c1=O,3961.0,nM,=,IC50,5.4,5.402195157595707,0,train
449,CHEMBL3698108,COCCNc1nc(-c2ccc(OC)c(S(C)(=O)=O)c2)cc2ncn(C)c(=O)c12,196.0,nM,=,IC50,6.71,6.707743928643524,0,train
634,CHEMBL3701551,Cn1cnc2cc(-c3ccc(N)c(S(C)(=O)=O)c3)nc(NCCCO)c2c1=O,248.0,nM,=,IC50,6.61,6.605548319173784,0,train
306,CHEMBL3643583,CN(C)c1ccc(-c2cc3ncn(C)c(=O)c3c(N[C@@H]3CCOC3)n2)cc1,161.0,nM,=,IC50,6.79,6.79317412396815,0,train
474,CHEMBL3698133,CCNc1nc(-c2ccc(OC)c(S(=O)(=O)N3CCOCC3)c2)cc2ncn(C)c(=O)c12,147.0,nM,=,IC50,6.83,6.8326826652518236,1,train
613,CHEMBL3701530,Cn1cnc2cc(-c3ccc(C(C)(C)N)cc3)nc(NC3CCOC3)c2c1=O,133.0,nM,=,IC50,6.88,6.876148359032914,1,train
30,CHEMBL3641270,Cn1cnc2cc(-c3ccc(C(C)(C)O)nc3)nc(NCc3cnc[nH]3)c2c1=O,196.0,nM,=,IC50,6.71,6.707743928643524,0,test
717,CHEMBL3701635,Cn1cnc2cc(-c3ccc(C(C)(C)O)nc3)nc(N[C@H]3CCC[C@@H]3O)c2c1=O,395.0,nM,=,IC50,6.4,6.403402904373539,0,test
473,CHEMBL3698132,CCNc1nc(-c2ccc(C(C)(C)N)cc2)cc2ncn(C)c(=O)c12,66.0,nM,=,IC50,7.18,7.180456064458132,1,train
714,CHEMBL3701632,Cn1cnc2cc(-c3ccc(C(C)(C)O)nc3)nc(NCc3nc4ccccc4[nH]3)c2c1=O,3347.0,nM,=,IC50,5.47,5.475344287642223,0,test
505,CHEMBL3701421,CC(C)Oc1nc(-c2ccc(C(C)(C)O)nc2)cc2ncn(C)c(=O)c12,238.0,nM,=,IC50,6.62,6.623423042943488,0,test
47,CHEMBL3641287,Cn1cnc2cc(-c3ccc(OC[C@@H]4CCCN4)cc3)nc(N3CC[C@H](CO)C3)c2c1=O,202.0,nM,=,IC50,6.7,6.694648630553377,0,train
64,CHEMBL3641304,Cn1cnc2cc(-c3ccc(C(C)(C)O)nc3)nc(Nc3ccncc3)c2c1=O,706.0,nM,=,IC50,6.15,6.151195298948196,0,train
665,CHEMBL3701582,CC(C)Nc1nc(-c2ccc(N3CCC[C@H]3CO)c(S(C)(=O)=O)c2)cc2ncn(C)c(=O)c12,217.0,nM,=,IC50,6.66,6.66354026615147,0,train
323,CHEMBL3643600,CN1CCS(=O)(=O)c2cc(-c3cc4ncn(C)c(=O)c4c(N[C@@H]4CCOC4)n3)ccc21,46.4,nM,=,IC50,7.33,7.333482019445119,1,train
409,CHEMBL3698068,Cn1cnc2cc(-c3cnc(N4CCOCC4)nc3)nc(NC3CC3)c2c1=O,1347.0,nM,=,IC50,5.87,5.870632404277014,0,train
616,CHEMBL3701533,Cc1cc(-c2cc3ncn(C)c(=O)c3c(NC(C)C)n2)ccc1C1CCN(C)CC1,110.0,nM,=,IC50,6.96,6.958607314841775,1,train
151,CHEMBL3641391,CN1CCN(c2ccc(-c3cc4ncn(C)c(=O)c4c(N4CCCC4)n3)cc2)CC1,419.0,nM,=,IC50,6.38,6.377785977033705,0,train
45,CHEMBL3641285,CN1CCN(c2ccc(-c3cc4ncn(C)c(=O)c4c(N4CCC(C(C)(C)O)C4)n3)cc2)CC1,327.0,nM,=,IC50,6.49,6.485452247339714,0,train
205,CHEMBL3641446,Cn1cnc2cc(-c3ccc(C(C)(C)O)nc3)nc(N3CC[C@H](O)C3)c2c1=O,2182.0,nM,=,IC50,5.66,5.6611452537476765,0,train
288,CHEMBL3643565,CC(C)Nc1nc(Nc2cnccn2)cc2ncn(CCO)c(=O)c12,209.0,nM,=,IC50,6.68,6.679853713888946,0,train
160,CHEMBL3641400,CCN1CCN(c2ccc(-c3cc4ncn(C)c(=O)c4c(N4CC[C@H](CO)C4)n3)cc2)CC1,78.0,nM,=,IC50,7.11,7.107905397309519,1,train
536,CHEMBL3701453,CC(C)Nc1nc(-c2ccc(N(C)C)nc2)cc2ncn(C)c(=O)c12,159.0,nM,=,IC50,6.8,6.798602875679548,0,train
150,CHEMBL3641390,CN1CCN(c2ccc(-c3cc4ncn(C)c(=O)c4c(N4C[C@H](O)[C@@H](O)C4)n3)cc2)CC1,447.0,nM,=,IC50,6.35,6.349692476868063,0,test
67,CHEMBL3641307,CN(C)c1nc(-c2ccc(N3CCOCC3)cc2)cc2ncn(C)c(=O)c12,508.0,nM,=,IC50,6.29,6.29413628771608,0,train
662,CHEMBL3701579,COCCNc1nc(-c2ccc(N3CCC[C@@H]3CO)c(S(C)(=O)=O)c2)cc2ncn(C)c(=O)c12,109.0,nM,=,IC50,6.96,6.962573502059376,1,test
3,CHEMBL3639969,Cn1cnc2cc(-c3ccc(N4CC[C@@H](CO)C4)c(S(C)(=O)=O)c3)nc(NC3CC3)c2c1=O,187.0,nM,=,IC50,6.73,6.728158393463501,0,train
297,CHEMBL3643574,COCCNc1nc(-c2ccc3c(c2)S(=O)(=O)CC(=O)N3C)cc2ncn(C)c(=O)c12,236.0,nM,=,IC50,6.63,6.627087997029894,0,test
466,CHEMBL3698125,COCCNc1nc(-c2ccc(N3CC[C@@H](CO)C3)c(S(C)(=O)=O)c2)cc2ncn(C)c(=O)c12,97.0,nM,=,IC50,7.01,7.013228265733755,1,train
706,CHEMBL3701624,CC(C)N(C)c1nc(-c2ccc(C(C)(C)O)nc2)cc2ncn(C)c(=O)c12,2004.0,nM,=,IC50,5.7,5.698102282804792,0,train
429,CHEMBL3698088,Cn1cnc2cc(-c3ccc(S(C)(=O)=O)c(N4CCOCC4)c3)nc(NC3CC3)c2c1=O,559.0,nM,=,IC50,6.25,6.252588192113577,0,train
272,CHEMBL3643549,Cn1cnc2cc(-c3ccc(N4CCOCC4)cc3)nc(NC[C@H]3CNC(=O)O3)c2c1=O,244.0,nM,=,IC50,6.61,6.61261017366127,0,train
223,CHEMBL3641464,Cn1cnc2cc(-c3ccc(N4CCC(C)(O)CC4)cc3)nc(N[C@@H]3CCOC3)c2c1=O,114.0,nM,=,IC50,6.94,6.943095148663527,1,train
511,CHEMBL3701427,COC(=O)NCCNc1nc(-c2ccc(C(C)(C)O)cc2)cc2ncn(C)c(=O)c12,102.0,nM,=,IC50,6.99,6.991399828238082,1,train
416,CHEMBL3698075,Cn1cnc2cc(-c3ccc(N4CCOCC4)c(S(C)(=O)=O)c3)nc(NC3CC3)c2c1=O,103.0,nM,=,IC50,6.99,6.987162775294828,1,train
26,CHEMBL3641266,Cn1cnc2cc(-c3ccc(C(C)(C)O)nc3)nc(N3CCc4ccc(C(=O)O)cc4C3)c2c1=O,952.0,nM,=,IC50,6.02,6.021363051615525,0,test
478,CHEMBL3698137,CN1CCC(c2ccc(-c3cc4ncn(C)c(=O)c4c(NC4CC4)n3)cc2F)CC1,329.0,nM,=,IC50,6.48,6.482804102050026,0,train
122,CHEMBL3641362,C[C@H](CO)Nc1nc(-c2ccc(N3CCN(C)CC3)cc2)cc2ncn(C)c(=O)c12,26.0,nM,=,IC50,7.58,7.585026652029182,1,train
382,CHEMBL3698041,Cn1cnc2cc(-c3ccc(F)c(S(C)(=O)=O)c3)nc(NC3CC3)c2c1=O,533.0,nM,=,IC50,6.27,6.273272790973428,0,train
522,CHEMBL3701438,Cn1cnc2cc(-c3ccc(CN4CCOCC4)c(S(C)(=O)=O)c3)nc(NC3CC3)c2c1=O,155.0,nM,=,IC50,6.81,6.809668301829708,1,train
494,CHEMBL3698153,CC(C)Nc1nc(-c2ccc(C3CCN(C)CC3)c(F)c2)cc2ncn(C)c(=O)c12,247.0,nM,=,IC50,6.61,6.607303046740334,0,train
70,CHEMBL3641310,Cn1cnc2cc(-c3ccc(N4CCOCC4)cc3)nc(NCCCO)c2c1=O,166.0,nM,=,IC50,6.78,6.779891911959945,0,train
705,CHEMBL3701623,CC(Cc1ccc(Cl)cc1)Nc1nc(-c2ccc(C(C)(C)O)nc2)cc2ncn(C)c(=O)c12,2226.0,nM,=,IC50,5.65,5.65247484000131,0,test
89,CHEMBL3641329,Cn1cnc2cc(-c3ccc(N4CCOCC4)cc3)nc(NC[C@@H](O)c3ccccc3)c2c1=O,286.0,nM,=,IC50,6.54,6.543633966870957,0,train
655,CHEMBL3701572,C[C@H](O)CNc1ccc(-c2cc3ncn(C)c(=O)c3c(N[C@@H]3CCOC3)n2)cc1S(C)(=O)=O,27.0,nM,=,IC50,7.57,7.568636235841013,1,train
137,CHEMBL3641377,Cn1cnc2cc(-c3ccc(C4CNC4)cc3)nc(N[C@@H]3CCOC3)c2c1=O,48.0,nM,=,IC50,7.32,7.318758762624412,1,train
660,CHEMBL3701577,CNc1ccc(-c2cc3ncn(C)c(=O)c3c(N3CC[C@H](CO)C3)n2)cc1,165.0,nM,=,IC50,6.78,6.782516055786093,0,train
370,CHEMBL3698029,CNc1ccc(-c2cc3ncn(C)c(=O)c3c(NC3CC3)n2)cc1S(C)(=O)=O,100.0,nM,=,IC50,7.0,7.0,1,train
37,CHEMBL3641277,Cn1cnc2cc(-c3ccc(N4CCNCC4)cc3)nc(N3CCC(N=O)C3)c2c1=O,65.0,nM,=,IC50,7.19,7.187086643357144,1,train
571,CHEMBL3701488,CCNS(=O)(=O)c1cccc(-c2cc3ncn(C)c(=O)c3c(NC3CC3)n2)c1,200.0,nM,=,IC50,6.7,6.698970004336019,0,train
104,CHEMBL3641344,Cn1cnc2cc(-c3ccc(C(C)(C)O)nc3)nc(N[C@H]3CCOC3)c2c1=O,463.0,nM,=,IC50,6.33,6.334419008982047,0,test
566,CHEMBL3701483,CCNc1nc(-c2ccc(C(C)(C)OC)cc2)cc2ncn(C)c(=O)c12,314.0,nM,=,IC50,6.5,6.503070351926785,0,train
394,CHEMBL3698053,CC(C)Nc1nc(-c2ccc(NCCN3CCN(C)CC3)c(S(C)(=O)=O)c2)cc2ncn(C)c(=O)c12,54.0,nM,=,IC50,7.27,7.267606240177032,1,train
700,CHEMBL3701618,Cn1cnc2cc(-c3ccc(C(C)(C)O)nc3)nc(NC3CCS(=O)(=O)C3)c2c1=O,2220.0,nM,=,IC50,5.65,5.653647025549361,0,train
13,CHEMBL3641253,Cn1cnc2cc(-c3ccc(C(C)(C)O)nc3)nc(NCCC#N)c2c1=O,2825.0,nM,=,IC50,5.55,5.548981547844543,0,train
543,CHEMBL3701460,COc1cncc(-c2cc3ncn(C)c(=O)c3c(NC(C)C)n2)c1,1864.0,nM,=,IC50,5.73,5.729554091982037,0,train
363,CHEMBL3643640,CCNc1nc(-c2ccc(C3(N)CC3)nc2)cc2ncn(C)c(=O)c12,136.0,nM,=,IC50,6.87,6.866461091629782,1,train
156,CHEMBL3641396,CN1CCN(c2ccc(-c3cc4ncn(C)c(=O)c4c(N4CC5CN(S(C)(=O)=O)CC5C4)n3)cc2)CC1,761.0,nM,=,IC50,6.12,6.118615343229427,0,train
540,CHEMBL3701457,COC(C)(C)c1ccc(-c2cc3ncn(C)c(=O)c3c(NC3CC3)n2)cc1,317.0,nM,=,IC50,6.5,6.498940737782249,0,train
611,CHEMBL3701528,Cn1cnc2cc(-c3ccc(C(C)(C)N)cc3)nc(NCCCO)c2c1=O,100.0,nM,=,IC50,7.0,7.0,1,train
393,CHEMBL3698052,CN1CCN(CCNc2ccc(-c3cc4ncn(C)c(=O)c4c(NC4CC4)n3)cc2S(C)(=O)=O)CC1,60.0,nM,=,IC50,7.22,7.221848749616356,1,train
353,CHEMBL3643630,Cn1cnc2cc(-c3ccc(C(O)C(F)(F)F)cc3)nc(N[C@@H]3CCOC3)c2c1=O,964.0,nM,=,IC50,6.02,6.015922966097169,0,train
672,CHEMBL3701589,COc1ccc(-c2cc3ncn(C)c(=O)c3c(Nc3ccc4c(C)n[nH]c4c3)n2)cc1OC,907.0,nM,=,IC50,6.04,6.042392712939905,0,test
293,CHEMBL3643570,CC(C)Nc1nc(-c2ccc(N3CC[C@H](O)C3)c(S(C)(=O)=O)c2)cc2ncn(C)c(=O)c12,76.9,nM,=,IC50,7.11,7.114073660198569,1,train
524,CHEMBL3701440,CC(C)Nc1nc(-c2ccc(NCCN3CCOCC3)nc2)cc2ncn(C)c(=O)c12,116.0,nM,=,IC50,6.94,6.935542010773082,1,train
391,CHEMBL3698050,CNc1ccc(-c2cc3ncn(C)c(=O)c3c(NCCOC)n2)cc1S(C)(=O)=O,76.0,nM,=,IC50,7.12,7.119186407719209,1,train
590,CHEMBL3701507,CC(C)Nc1nc(-c2ccc(CCN3CCOCC3)cc2)cc2ncn(C)c(=O)c12,380.0,nM,=,IC50,6.42,6.42021640338319,0,train
379,CHEMBL3698038,COCCNc1nc(-c2ccc(N3CCO[C@H](C)C3)cc2)cc2ncn(C)c(=O)c12,170.0,nM,=,IC50,6.77,6.769551078621726,0,train
348,CHEMBL3643625,CCOC(=O)CCC(=O)c1ccc(-c2cc3ncn(C)c(=O)c3c(N3CC[C@H](CO)C3)n2)cc1,381.0,nM,=,IC50,6.42,6.419075024324381,0,train
579,CHEMBL3701496,COCCCNc1ccc(-c2cc3ncn(C)c(=O)c3c(NC3CC3)n2)cn1,238.0,nM,=,IC50,6.62,6.623423042943488,0,train
192,CHEMBL3641432,Cn1cnc2cc(-c3ccc(N4CCOCC4)cc3Cl)nc(N3CC[C@H](CO)C3)c2c1=O,731.0,nM,=,IC50,6.14,6.13608262304214,0,train
434,CHEMBL3698093,CC(C)Nc1nc(-c2ccc(S(C)(=O)=O)c(NCCN3CCOCC3)c2)cc2ncn(C)c(=O)c12,1677.0,nM,=,IC50,5.78,5.775466937393914,0,train
674,CHEMBL3701591,CC(C)Nc1nc(-c2ccc(CN3CCOCC3)c(S(C)(=O)=O)c2)cc2ncn(C)c(=O)c12,183.0,nM,=,IC50,6.74,6.73754891026957,0,train
514,CHEMBL3701430,COCC(=O)N[C@@H](C)CNc1nc(-c2ccc(OC)c(OC)c2)cc2ncn(C)c(=O)c12,1966.0,nM,=,IC50,5.71,5.706416486503883,0,test
602,CHEMBL3701519,C[C@@H]1CN(c2ccc(-c3cc4ncn(C)c(=O)c4c(NC4CC4)n3)cn2)CCO1,411.0,nM,=,IC50,6.39,6.386158178123931,0,train
369,CHEMBL3698028,CC(C)Nc1nc(-c2ccc(NCCN3CCCC3)c(S(C)(=O)=O)c2)cc2ncn(C)c(=O)c12,10.0,nM,=,IC50,8.0,8.0,1,train
552,CHEMBL3701469,CC(C)Nc1nc(-c2ccc(C(C)O)cc2)cc2ncn(C)c(=O)c12,390.0,nM,=,IC50,6.41,6.4089353929735005,0,train
555,CHEMBL3701472,CC(C)Nc1nc(-c2ccc(CCO)cc2)cc2ncn(C)c(=O)c12,473.0,nM,=,IC50,6.33,6.325138859262188,0,train
653,CHEMBL3701570,C[C@@H](O)CNc1ccc(-c2cc3ncn(C)c(=O)c3c(NCCCO)n2)cc1S(C)(=O)=O,255.0,nM,=,IC50,6.59,6.5934598195660445,0,test
608,CHEMBL3701525,CCNc1nc(-c2ccc(S(=O)(=O)CCN(C)C)cc2)cc2ncn(C)c(=O)c12,286.0,nM,=,IC50,6.54,6.543633966870957,0,test
32,CHEMBL3641272,Cn1cnc2cc(-c3ccc(C(C)(C)O)nc3)nc(NCc3cnn[nH]3)c2c1=O,202.0,nM,=,IC50,6.7,6.694648630553377,0,test
183,CHEMBL3641423,C[C@H]1CN(c2ccc(-c3cc4ncn(C)c(=O)c4c(N4CC[C@H](CO)C4)n3)cc2)C[C@@H](C)O1,332.0,nM,=,IC50,6.48,6.478861916295964,0,train
654,CHEMBL3701571,C[C@@H](CO)Nc1ccc(-c2cc3ncn(C)c(=O)c3c(N[C@@H]3CCOC3)n2)cc1S(C)(=O)=O,37.0,nM,=,IC50,7.43,7.431798275933005,1,train
147,CHEMBL3641387,Cn1cnc2cc(-c3ccc(C4CCNCC4)cc3)nc(N3CC[C@H](CO)C3)c2c1=O,40.0,nM,=,IC50,7.4,7.3979400086720375,1,train
317,CHEMBL3643594,C[C@H](N)c1ccc(-c2cc3ncn(C)c(=O)c3c(N[C@@H]3CCOC3)n2)cc1,181.0,nM,=,IC50,6.74,6.7423214251308154,0,train
250,CHEMBL3643527,Cn1cnc2cc(-c3ccc(N4CCOCC4)cc3)nc(OCCCN)c2c1=O,87.9,nM,=,IC50,7.06,7.056011124926228,1,train
133,CHEMBL3641373,Cn1cnc2cc(-c3ccc(C(C)(C)O)nc3)nc(N3CC[C@H](CO)C3)c2c1=O,252.0,nM,=,IC50,6.6,6.598599459218455,0,test
386,CHEMBL3698045,CC(C)Nc1nc(-c2ccc(OCCN3CCOCC3)cc2)cc2ncn(C)c(=O)c12,440.0,nM,=,IC50,6.36,6.356547323513812,0,test
451,CHEMBL3698110,COc1ccc(-c2cc3ncn(C)c(=O)c3c(NC(C)C)n2)cc1S(C)(=O)=O,272.0,nM,=,IC50,6.57,6.565431095965801,0,train
482,CHEMBL3698141,Cn1cnc2cc(-c3ccc(S(=O)(=O)CCN4CCOCC4)cc3)nc(NC3CC3)c2c1=O,179.0,nM,=,IC50,6.75,6.747146969020107,0,train
71,CHEMBL3641311,COCCCNc1nc(-c2ccc(N3CCOCC3)cc2)cc2ncn(C)c(=O)c12,179.0,nM,=,IC50,6.75,6.747146969020107,0,train
470,CHEMBL3698129,Cn1cnc2cc(-c3ccc(N4CCCC4=O)cc3)nc(NCCCO)c2c1=O,466.0,nM,=,IC50,6.33,6.33161408331,0,train
702,CHEMBL3701620,Cn1cnc2cc(-c3ccc(C(C)(C)O)nc3)nc(NC3CCN(CCO)CC3)c2c1=O,20910.0,nM,=,IC50,4.68,4.679645967182328,0,test
377,CHEMBL3698036,Cn1cnc2cc(-c3ccc(N4CCN(CCO)CC4)c(S(C)(=O)=O)c3)nc(NC3CC3)c2c1=O,85.0,nM,=,IC50,7.07,7.070581074285707,1,train
418,CHEMBL3698077,CCN1CCN(c2ccc(-c3cc4ncn(C)c(=O)c4c(NC4CC4)n3)cc2S(C)(=O)=O)CC1,56.0,nM,=,IC50,7.25,7.251811972993799,1,train
54,CHEMBL3641294,COCCNc1nc(-c2ccc(OC)c(F)c2)cc2ncn(C)c(=O)c12,337.0,nM,=,IC50,6.47,6.4723700991286615,0,test
513,CHEMBL3701429,COC(=O)NCCNc1nc(-c2ccc(OC)c(OC)c2)cc2ncn(C)c(=O)c12,391.0,nM,=,IC50,6.41,6.407823242604133,0,test
40,CHEMBL3641280,Cn1cnc2cc(-c3ccc(OC[C@@H]4CCCN4Cc4ccccc4)cc3)nc(N3CC[C@H](CO)C3)c2c1=O,630.0,nM,=,IC50,6.2,6.200659450546418,0,train
444,CHEMBL3698103,CC(C)Nc1nc(OCCCN2CCN(C)CC2)cc2ncn(C)c(=O)c12,4090.0,nM,=,IC50,5.39,5.388276691992658,0,train
423,CHEMBL3698082,CC(C)S(=O)(=O)c1ccc(-c2cc3ncn(C)c(=O)c3c(NC3CC3)n2)cc1,351.0,nM,=,IC50,6.46,6.454692883534176,0,train
105,CHEMBL3641345,Cn1cnc2cc(-c3ccc(C(C)(C)O)nc3)nc(NC3CCCC3)c2c1=O,857.0,nM,=,IC50,6.07,6.0670191780768015,0,test
276,CHEMBL3643553,Cn1cnc2cc(-c3ccc(N4CCOCC4)cc3)nc(NC[C@H]3CC[C@@](C)(O)C3)c2c1=O,1162.0,nM,=,IC50,5.93,5.934793871945688,0,train
716,CHEMBL3701634,Cn1cnc2cc(-c3ccc(C(C)(C)O)nc3)nc(N[C@H]3CCC[C@H]3O)c2c1=O,334.0,nM,=,IC50,6.48,6.476253533188435,0,train
561,CHEMBL3701478,CC(C)Nc1nc(-c2cccc(S(=O)(=O)NC3CC3)c2)cc2ncn(C)c(=O)c12,443.0,nM,=,IC50,6.35,6.3535962737769305,0,train
261,CHEMBL3643538,Cn1cnc2cc(-c3ccc(N4CC[C@H](O)C4)cc3)nc(N[C@@H]3CCOC3)c2c1=O,66.3,nM,=,IC50,7.18,7.178486471595227,1,test
172,CHEMBL3641412,CCN1CCC(c2ccc(-c3cc4ncn(C)c(=O)c4c(NCCCO)n3)cc2)CC1,72.0,nM,=,IC50,7.14,7.142667503568731,1,train
510,CHEMBL3701426,COCC(=O)NCCNc1nc(-c2ccc(OC)c(OC)c2)cc2ncn(C)c(=O)c12,572.0,nM,=,IC50,6.24,6.242603971206976,0,train
719,CHEMBL3978997,Cn1cnc2cc(-c3ccc(N4CCOCC4)cc3)nc(N3C[C@]4(CO)CC[C@H]3C4)c2c1=O,168.0,nM,=,IC50,6.78,6.774690718274137,0,train
527,CHEMBL3701444,Cn1cnc2cc(-c3cccc(S(N)(=O)=O)c3)nc(NC3CC3)c2c1=O,38.0,nM,=,IC50,7.42,7.42021640338319,1,train
368,CHEMBL3698027,Cn1cnc2cc(-c3ccc(NCCN4CCCC4)c(S(C)(=O)=O)c3)nc(NC3CC3)c2c1=O,13.0,nM,=,IC50,7.89,7.886056647693163,1,test
328,CHEMBL3643605,CC(=O)N[C@H](C)c1ccc(-c2cc3ncn(C)c(=O)c3c(N[C@@H]3CCOC3)n2)cc1,274.0,nM,=,IC50,6.56,6.562249437179612,0,train
327,CHEMBL3643604,CC(=O)N[C@H](C)c1ccc(-c2cc3ncn(C)c(=O)c3c(NCCCO)n2)cc1,148.0,nM,=,IC50,6.83,6.8297382846050425,1,train
622,CHEMBL3701539,Cn1cnc2cc(-c3ccc(S(=O)(=O)CCN4CCOCC4)cc3)nc(NCCO)c2c1=O,168.0,nM,=,IC50,6.78,6.774690718274137,0,train
108,CHEMBL3641348,Cn1cnc2cc(-c3ccc(C(C)(C)O)nc3)nc(NC3CCC[C@@H]3CO)c2c1=O,553.0,nM,=,IC50,6.26,6.257274868695301,0,train
50,CHEMBL3641290,CN1CCN(c2ccc(-c3cc4ncn(C)c(=O)c4c(N4C[C@H](O)[C@@H](CO)C4)n3)cc2)CC1,198.0,nM,=,IC50,6.7,6.703334809738469,0,train
273,CHEMBL3643550,Cn1cnc2cc(-c3ccc(N4CCOCC4)cc3)nc(NC[C@H]3CC[C@H](O)C3)c2c1=O,162.0,nM,=,IC50,6.79,6.790484985457369,0,train
129,CHEMBL3641369,Cn1cnc2cc(-c3ccc(C(C)(C)O)nc3)nc(N3CC(=O)C3)c2c1=O,632.0,nM,=,IC50,6.2,6.199282921717615,0,train
638,CHEMBL3701555,CC(C)Nc1nc(-c2ccc(NC[C@H](C)O)c(S(C)(=O)=O)c2)cc2ncn(C)c(=O)c12,161.0,nM,=,IC50,6.79,6.79317412396815,0,train
658,CHEMBL3701575,CNc1ccc(-c2cc3ncn(C)c(=O)c3c(NCCOC)n2)cc1,317.0,nM,=,IC50,6.5,6.498940737782249,0,test
685,CHEMBL3701603,COc1ccc(-c2cc3ncn(C)c(=O)c3c(NC3CCC(=O)NC3)n2)cc1OC,214.0,nM,=,IC50,6.67,6.669586226650809,0,test
180,CHEMBL3641420,Cn1cnc2cc(-c3ccc(N4CCN(CCS(C)(=O)=O)CC4)cc3)nc(N3CC[C@H](CO)C3)c2c1=O,84.0,nM,=,IC50,7.08,7.075720713938118,1,test
27,CHEMBL3641267,Cn1cnc2cc(-c3ccc(C(C)(C)O)nc3)nc(N3CCc4cccc(C(=O)O)c4C3)c2c1=O,611.0,nM,=,IC50,6.21,6.213958789757446,0,test
411,CHEMBL3698070,Cn1cnc2cc(-c3ccc(C(C)(C)C#N)cc3)nc(NC3CC3)c2c1=O,454.0,nM,=,IC50,6.34,6.342944147142896,0,train
28,CHEMBL3641268,Cn1cnc2cc(-c3ccc(C(C)(C)O)nc3)nc(N3CCc4c(cccc4C(=O)O)C3)c2c1=O,720.0,nM,=,IC50,6.14,6.142667503568731,0,train
506,CHEMBL3701422,Cn1cnc2cc(-c3ccc(C(C)(C)O)nc3)nc(OCc3ccccc3)c2c1=O,181.0,nM,=,IC50,6.74,6.7423214251308154,0,test
289,CHEMBL3643566,CC(C)Nc1nc(-c2ccc(N)nc2)cc2ncn(C)c(=O)c12,152.0,nM,=,IC50,6.82,6.818156412055227,1,train
51,CHEMBL3641291,CN1CCN(c2ccc(-c3cc4ncn(C)c(=O)c4c(N4CCC(N=O)C4)n3)cc2)CC1,79.0,nM,=,IC50,7.1,7.102372908709558,1,train
623,CHEMBL3701540,Cn1cnc2cc(-c3ccc(S(=O)(=O)CCN4CCOCC4)cc3)nc(NCCCO)c2c1=O,112.0,nM,=,IC50,6.95,6.950781977329818,1,train
227,CHEMBL3643504,Cn1cnc2cc(-c3ccc(N4CCOCC4)cc3)nc(N[C@H]3CC[C@@H](NS(C)(=O)=O)CC3)c2c1=O,812.0,nM,=,IC50,6.09,6.090443970758825,0,train
648,CHEMBL3701565,CC(C)Nc1nc(-c2ccc(N[C@H](C)CO)c(S(C)(=O)=O)c2)cc2ncn(C)c(=O)c12,357.0,nM,=,IC50,6.45,6.447331783887806,0,train
539,CHEMBL3701456,Cn1cnc2cc(-c3ccc(N4CCCC4)nc3)nc(NC3CC3)c2c1=O,249.0,nM,=,IC50,6.6,6.603800652904264,0,train
300,CHEMBL3643577,CC(C)Nc1nc(-c2ccc(C(=N)NO)cc2)cc2ncn(C)c(=O)c12,616.0,nM,=,IC50,6.21,6.210419287835575,0,train
541,CHEMBL3701458,COc1cc(-c2cc3ncn(C)c(=O)c3c(NC(C)C)n2)ccn1,2017.0,nM,=,IC50,5.7,5.695294101787234,0,train
314,CHEMBL3643591,C[C@@H](N)c1ccc(-c2cc3ncn(C)c(=O)c3c(N3CC[C@H](CO)C3)n2)cc1,139.0,nM,=,IC50,6.86,6.856985199745905,1,train
333,CHEMBL3643610,Cc1cc(-c2cc3ncn(C)c(=O)c3c(N3CC[C@H](CO)C3)n2)ccc1C1CCNCC1,91.2,nM,=,IC50,7.04,7.0400051616715835,1,test
358,CHEMBL3643635,Cn1cnc2cc(-c3ccc(C4(N)CC4)cc3)nc(NC3CC3)c2c1=O,1152.0,nM,=,IC50,5.94,5.938547520912807,0,train
440,CHEMBL3698099,CC(C)Nc1nc(-c2ccc(CC(=O)N3CCOCC3)cc2)cc2ncn(C)c(=O)c12,136.0,nM,=,IC50,6.87,6.866461091629782,1,train
591,CHEMBL3701508,Cn1cnc2cc(-c3ccc(CCN4CCCCC4)cc3)nc(NC3CC3)c2c1=O,141.0,nM,=,IC50,6.85,6.85078088734462,1,train
338,CHEMBL3643615,CN1CCC(c2ccc(-c3cc4ncn(C)c(=O)c4c(N[C@@H]4CCOC4)n3)cc2F)CC1,140.0,nM,=,IC50,6.85,6.853871964321762,1,train
31,CHEMBL3641271,CC(C)Nc1nc(-c2ccc(N3CCOCC3)[n+]([O-])c2)cc2ncn(C)c(=O)c12,598.0,nM,=,IC50,6.22,6.223298816011589,0,train
525,CHEMBL3701442,CCNc1nc(-c2ccc(C(C)(C)O)cc2)cc2ncn(C)c(=O)c12,147.0,nM,=,IC50,6.83,6.8326826652518236,1,train
645,CHEMBL3701562,COCCNc1nc(-c2ccc(NC[C@@H](C)O)c(S(C)(=O)=O)c2)cc2ncn(C)c(=O)c12,86.0,nM,=,IC50,7.07,7.0655015487564325,1,train
485,CHEMBL3698144,CCNc1nc(-c2ccc(S(=O)(=O)CCN3CCCC3)cc2)cc2ncn(C)c(=O)c12,222.0,nM,=,IC50,6.65,6.653647025549361,0,train
457,CHEMBL3698116,Cn1cnc2cc(-c3ccc(N[C@@H]4CCNC4)c(S(C)(=O)=O)c3)nc(NC3CC3)c2c1=O,51.0,nM,=,IC50,7.29,7.292429823902063,1,train
144,CHEMBL3641384,Cn1cnc2cc(-c3ccc(N4CCOCC4)cc3)nc(N3CC[C@H](CO)C3)c2c1=O,117.0,nM,=,IC50,6.93,6.931814138253839,1,test
364,CHEMBL3643641,Cn1cnc2cc(-c3ccc(C4(N)CC4)nc3)nc(NC3CC3)c2c1=O,219.0,nM,=,IC50,6.66,6.6595558851598815,0,train
191,CHEMBL3641431,Cn1cnc2cc(-c3ccc(N4CCOCC4)c(Cl)c3)nc(N3CC[C@H](CO)C3)c2c1=O,290.0,nM,=,IC50,6.54,6.5376020021010435,0,test
683,CHEMBL3701601,Cn1cnc2cc(-c3ccc(C(C)(C)O)cc3)nc(NC3CCC(=O)NC3)c2c1=O,169.0,nM,=,IC50,6.77,6.772113295386326,0,train
342,CHEMBL3643619,CCN1CCC(c2ccc(-c3cc4ncn(C)c(=O)c4c(N4CC[C@H](CO)C4)n3)cc2C)CC1,155.0,nM,=,IC50,6.81,6.809668301829708,1,train
275,CHEMBL3643552,Cn1cnc2cc(-c3ccc(N4CCOCC4)cc3)nc(NC[C@@H]3CC[C@](C)(O)C3)c2c1=O,843.0,nM,=,IC50,6.07,6.074172425375258,0,train
244,CHEMBL3643521,Cn1cnc2cc(-c3ccc(N4CCOCC4)cc3)nc(NC3CN4CCC3CC4)c2c1=O,810.0,nM,=,IC50,6.09,6.0915149811213505,0,train
671,CHEMBL3701588,CC(C)Nc1nc(-c2ccc(S(=O)(=O)CCN(C)C)cc2)cc2ncn(C)c(=O)c12,316.0,nM,=,IC50,6.5,6.5003129173815966,0,train
589,CHEMBL3701506,CCN1CCN(CCc2ccc(-c3cc4ncn(C)c(=O)c4c(NC(C)C)n3)cc2)CC1,269.0,nM,=,IC50,6.57,6.570247719997592,0,train
413,CHEMBL3698072,CC(C)Nc1nc(-c2ccc(C3(O)CCNCC3)cc2)cc2ncn(C)c(=O)c12,65.0,nM,=,IC50,7.19,7.187086643357144,1,train
292,CHEMBL3643569,CC(C)Nc1nc(-c2cnc(N)nc2)cc2ncn(C)c(=O)c12,324.0,nM,=,IC50,6.49,6.489454989793388,0,test
138,CHEMBL3641378,CC(C)N1CCN(c2ccc(-c3cc4ncn(C)c(=O)c4c(N4CC[C@@H](CO)C4)n3)cc2)CC1,162.0,nM,=,IC50,6.79,6.790484985457369,0,train
496,CHEMBL3698155,CCNc1nc(-c2ccc(C3(O)CCCC3)cc2)cc2ncn(C)c(=O)c12,346.0,nM,=,IC50,6.46,6.460923901207224,0,train
537,CHEMBL3701454,CC(=O)Nc1ccc(-c2cc3ncn(C)c(=O)c3c(NC(C)C)n2)cn1,533.0,nM,=,IC50,6.27,6.273272790973428,0,train
355,CHEMBL3643632,CN1C(=O)C(=O)c2cc(-c3cc4ncn(C)c(=O)c4c(NCCCO)n3)ccc21,633.0,nM,=,IC50,6.2,6.198596289982645,0,test
479,CHEMBL3698138,CCN1CCC(c2ccc(-c3cc4ncn(C)c(=O)c4c(NC4CC4)n3)cc2F)CC1,181.0,nM,=,IC50,6.74,6.7423214251308154,0,train
644,CHEMBL3701561,CC(C)Nc1nc(-c2ccc(NC[C@@H](C)O)c(S(C)(=O)=O)c2)cc2ncn(C)c(=O)c12,277.0,nM,=,IC50,6.56,6.557520230935552,0,train
